Gene,rsId,Ref,Alt,Effect,Alleles Frequency,Number of citation,Publications,Clinical Significant,ClinVar Accession,Cytogenetic location,Variant name,Disease name,Synonyms
DLST,rs1270341616,G,A,"coding_sequence_variant,genic_downstream_transcript_variant,non_coding_transcript_variant,missense_variant","A=0.000015 (4/264690, TOPMED).A=0.000008 (2/251464, GnomAD_exome).A=0.000029 (4/140260, GnomAD)",non citation,,Pathogenic,RCV000785999.1,14q24.3,NM_001933.5(DLST):c.1121G>A (p.Gly374Glu),Paragangliomas 7,MONDO: MONDO:0032771; MedGen: C5193116; OMIM: 618475
DROSHA,rs2150052710,C,A,"stop_gained,coding_sequence_variant",None,non citation,,Pathogenic,RCV001374505.1,5p13.3,NM_001382508.1(DROSHA):c.1498G>T (p.Glu500Ter),Hereditary breast ovarian cancer syndrome,Hereditary breast and ovarian cancer syndrome; Hereditary breast and ovarian cancer; Hereditary breast and ovarian cancer syndrome (HBOC); See all synonyms [MedGen]
EFL1,rs370108445,T,C,"non_coding_transcript_variant,2KB_upstream_variant,missense_variant,5_prime_UTR_variant,genic_upstream_transcript_variant,coding_sequence_variant,upstream_transcript_variant","C=0.000015 (4/264690, TOPMED).C=0.000008 (2/248988, GnomAD_exome).C=0.000036 (5/140260, GnomAD)",non citation,,Pathogenic,RCV002248316.1,15q25.2,NM_024580.6(EFL1):c.89A>G (p.His30Arg),Shwachman-Diamond syndrome 2,MONDO: MONDO:0044205; MedGen: C4693704; OMIM: 617941
EFL1,rs756494164,T,C,"missense_variant,non_coding_transcript_variant,coding_sequence_variant","C=0.000008 (2/264690, TOPMED).C=0.000032 (8/249064, GnomAD_exome).C=0.000021 (3/140232, GnomAD)",non citation,,Pathogenic,RCV002248314.1,15q25.2,NM_024580.6(EFL1):c.3205A>G (p.Thr1069Ala),Shwachman-Diamond syndrome 2,MONDO: MONDO:0044205; MedGen: C4693704; OMIM: 617941
EFL1,rs757808847,G,A,"missense_variant,non_coding_transcript_variant,coding_sequence_variant","A=0.000015 (4/264690, TOPMED).A=0.000004 (1/249396, GnomAD_exome).A=0.000007 (1/140190, GnomAD)",non citation,,Pathogenic,RCV002251569.1,15q25.2,NM_024580.6(EFL1):c.2908C>T (p.Arg970Cys),Shwachman-Diamond syndrome 2,MONDO: MONDO:0044205; MedGen: C4693704; OMIM: 617941
EFL1,rs763132789,A,G,"upstream_transcript_variant,genic_upstream_transcript_variant,coding_sequence_variant,missense_variant,non_coding_transcript_variant","G=0.000030 (8/264690, TOPMED).G=0.000025 (3/120470, ExAC).G=0.00004 (1/28258, 14KJPN)",non citation,,Pathogenic,RCV002248312.1,15q25.2,NM_024580.6(EFL1):c.1514T>C (p.Phe505Ser),Shwachman-Diamond syndrome 2,MONDO: MONDO:0044205; MedGen: C4693704; OMIM: 617941
EFL1,rs1316615934,A,T,"coding_sequence_variant,non_coding_transcript_variant,missense_variant","T=0.000023 (6/264690, TOPMED).T=0.000008 (2/249040, GnomAD_exome).T=0.00000 (0/14050, ALFA)",non citation,,Pathogenic,RCV000625721.1,15q25.2,NM_024580.6(EFL1):c.2645T>A (p.Met882Lys),Shwachman-Diamond syndrome 2,MONDO: MONDO:0044205; MedGen: C4693704; OMIM: 617941
EFL1,rs1330065864,G,A,"stop_gained,non_coding_transcript_variant,missense_variant,synonymous_variant,coding_sequence_variant","A=0.00003 (1/32062, ALFA)",non citation,,Pathogenic,RCV002248311.1,15q25.2,NM_024580.6(EFL1):c.2260C>T (p.Arg754Ter),Shwachman-Diamond syndrome 2,MONDO: MONDO:0044205; MedGen: C4693704; OMIM: 617941
EFL1,rs1441937959,T,C,"coding_sequence_variant,5_prime_UTR_variant,non_coding_transcript_variant,genic_upstream_transcript_variant,missense_variant","C=0.000008 (2/243402, GnomAD_exome)",non citation,,Likely-Pathogenic,RCV000625990.3,15q25.2,NM_024580.6(EFL1):c.379A>G (p.Thr127Ala),Shwachman-Diamond syndrome 2,MONDO: MONDO:0044205; MedGen: C4693704; OMIM: 617941
EFL1,rs2141228362,A,C,"non_coding_transcript_variant,coding_sequence_variant,missense_variant",None,non citation,,Pathogenic,RCV002248313.1,15q25.2,NM_024580.6(EFL1):c.2647T>G (p.Cys883Gly),Shwachman-Diamond syndrome 2,MONDO: MONDO:0044205; MedGen: C4693704; OMIM: 617941
EGFR,rs28929495,G,A,"genic_downstream_transcript_variant,coding_sequence_variant,missense_variant",None,49,https://www.ncbi.nlm.nih.gov/snp/rs28929495,Pathogenic,RCV000423860.1,7p11.2,NM_005228.5(EGFR):c.2155G>A (p.Gly719Ser),"Non-small cell lung carcinoma (NSCLC)
                    ",Non-small cell lung cancer
EGFR,rs28929495,G,C,"genic_downstream_transcript_variant,coding_sequence_variant,missense_variant",None,49,https://www.ncbi.nlm.nih.gov/snp/rs28929495,Likely-Pathogenic,RCV000038379.5,7p11.2,NM_005228.5(EGFR):c.2155G>C (p.Gly719Arg),"Non-small cell lung carcinoma (NSCLC)
                    ",Non-small cell lung cancer
EGFR,rs28929495,G,T,"genic_downstream_transcript_variant,coding_sequence_variant,missense_variant",None,49,https://www.ncbi.nlm.nih.gov/snp/rs28929495,Pathogenic,RCV000038380.5,7p11.2,NM_005228.5(EGFR):c.2155G>T (p.Gly719Cys),"Non-small cell lung carcinoma (NSCLC)
                    ",Non-small cell lung cancer
EGFR,rs28929495,G,T,"genic_downstream_transcript_variant,coding_sequence_variant,missense_variant",None,49,https://www.ncbi.nlm.nih.gov/snp/rs28929495,Likely-Pathogenic,RCV000426731.1,7p11.2,NM_005228.5(EGFR):c.2155G>T (p.Gly719Cys),Glioblastoma,Giant cell glioblastoma (histologic variant); Gliosarcoma (histologic variant)
EGFR,rs28929495,G,T,"genic_downstream_transcript_variant,coding_sequence_variant,missense_variant",None,49,https://www.ncbi.nlm.nih.gov/snp/rs28929495,Likely-Pathogenic,RCV000433465.1,7p11.2,NM_005228.5(EGFR):c.2155G>T (p.Gly719Cys),Lung adenocarcinoma,"Adenocarcinoma of lung; Adenocarcinoma of lung, somatic"
EGFR,rs121434568,T,A,"missense_variant,genic_downstream_transcript_variant,coding_sequence_variant","G=0.00004 (3/78700, PAGE_STUDY).G=0.000 (0/660, ALFA)",49,https://www.ncbi.nlm.nih.gov/snp/rs121434568,Likely-Pathogenic,RCV000419082.1,7p11.2,NM_005228.5(EGFR):c.2573T>A (p.Leu858Gln),"Non-small cell lung carcinoma (NSCLC)
                    ",Non-small cell lung cancer
EGFR,rs121434568,T,G,"missense_variant,genic_downstream_transcript_variant,coding_sequence_variant","G=0.00004 (3/78700, PAGE_STUDY).G=0.000 (0/660, ALFA)",49,https://www.ncbi.nlm.nih.gov/snp/rs121434568,Likely-Pathogenic,RCV000418019.2,7p11.2,NM_005228.5(EGFR):c.2573T>G (p.Leu858Arg),Lung adenocarcinoma,"Adenocarcinoma of lung; Adenocarcinoma of lung, somatic"
EGFR,rs121434568,T,G,"missense_variant,genic_downstream_transcript_variant,coding_sequence_variant","G=0.00004 (3/78700, PAGE_STUDY).G=0.000 (0/660, ALFA)",49,https://www.ncbi.nlm.nih.gov/snp/rs121434568,Pathogenic,RCV000435684.2,7p11.2,NM_005228.5(EGFR):c.2573T>G (p.Leu858Arg),"Non-small cell lung carcinoma (NSCLC)
                    ",Non-small cell lung cancer
EGFR,rs121434568,T,G,"missense_variant,genic_downstream_transcript_variant,coding_sequence_variant","G=0.00004 (3/78700, PAGE_STUDY).G=0.000 (0/660, ALFA)",49,https://www.ncbi.nlm.nih.gov/snp/rs121434568,Pathogenic,RCV000987885.2,7p11.2,NM_005228.5(EGFR):c.2573T>G (p.Leu858Arg),Lung carcinoma,MONDO: MONDO:0005138; MedGen: C0684249
EGFR,rs121434569,C,T,"missense_variant,genic_downstream_transcript_variant,coding_sequence_variant,non_coding_transcript_variant","T=0.000030 (8/264690, TOPMED).T=0.000028 (7/251464, GnomAD_exome).T=0.000057 (8/140286, GnomAD)",55,https://www.ncbi.nlm.nih.gov/snp/rs121434569,Pathogenic-Likely-Pathogenic,RCV000154233.6,7p11.2,NM_005228.5(EGFR):c.2369C>T (p.Thr790Met),"Non-small cell lung carcinoma (NSCLC)
                    ",Non-small cell lung cancer
EGFR,rs121434569,C,T,"missense_variant,genic_downstream_transcript_variant,coding_sequence_variant,non_coding_transcript_variant","T=0.000030 (8/264690, TOPMED).T=0.000028 (7/251464, GnomAD_exome).T=0.000057 (8/140286, GnomAD)",55,https://www.ncbi.nlm.nih.gov/snp/rs121434569,Likely-Pathogenic,RCV000425417.2,7p11.2,NM_005228.5(EGFR):c.2369C>T (p.Thr790Met),Lung carcinoma,MONDO: MONDO:0005138; MedGen: C0684249
EGFR,rs121434569,C,T,"missense_variant,genic_downstream_transcript_variant,coding_sequence_variant,non_coding_transcript_variant","T=0.000030 (8/264690, TOPMED).T=0.000028 (7/251464, GnomAD_exome).T=0.000057 (8/140286, GnomAD)",55,https://www.ncbi.nlm.nih.gov/snp/rs121434569,Likely-Pathogenic,RCV000557450.8,7p11.2,NM_005228.5(EGFR):c.2369C>T (p.Thr790Met),"EGFR-related lung cancer (EGFR)
                    ",MedGen: CN130014
EGFR,rs121434569,C,T,"missense_variant,genic_downstream_transcript_variant,coding_sequence_variant,non_coding_transcript_variant","T=0.000030 (8/264690, TOPMED).T=0.000028 (7/251464, GnomAD_exome).T=0.000057 (8/140286, GnomAD)",55,https://www.ncbi.nlm.nih.gov/snp/rs121434569,Likely-Pathogenic,RCV001015308.3,7p11.2,NM_005228.5(EGFR):c.2369C>T (p.Thr790Met),Hereditary cancer-predisposing syndrome,"Neoplastic Syndromes, Hereditary; Tumor predisposition; Cancer predisposition; See all synonyms [MedGen]"
EGFR,rs121434569,C,T,"missense_variant,genic_downstream_transcript_variant,coding_sequence_variant,non_coding_transcript_variant","T=0.000030 (8/264690, TOPMED).T=0.000028 (7/251464, GnomAD_exome).T=0.000057 (8/140286, GnomAD)",55,https://www.ncbi.nlm.nih.gov/snp/rs121434569,Likely-Pathogenic,RCV001588815.4,7p11.2,NM_005228.5(EGFR):c.2369C>T (p.Thr790Met),none provided,MedGen: CN517202
EGFR,rs121434569,C,T,"missense_variant,genic_downstream_transcript_variant,coding_sequence_variant,non_coding_transcript_variant","T=0.000030 (8/264690, TOPMED).T=0.000028 (7/251464, GnomAD_exome).T=0.000057 (8/140286, GnomAD)",55,https://www.ncbi.nlm.nih.gov/snp/rs121434569,Pathogenic,RCV001823098.2,7p11.2,NM_005228.5(EGFR):c.2369C>T (p.Thr790Met),Lung cancer,Malignant tumor of lung
EGFR,rs121913229,G,C,"missense_variant,genic_downstream_transcript_variant,coding_sequence_variant",None,3,https://www.ncbi.nlm.nih.gov/snp/rs121913229,Likely-Pathogenic,RCV000425827.1,7p11.2,NM_005228.5(EGFR):c.2248G>C (p.Ala750Pro),"Non-small cell lung carcinoma (NSCLC)
                    ",Non-small cell lung cancer
EGFR,rs121913229,G,C,"missense_variant,genic_downstream_transcript_variant,coding_sequence_variant",None,3,https://www.ncbi.nlm.nih.gov/snp/rs121913229,Likely-Pathogenic,RCV000442888.1,7p11.2,NM_005228.5(EGFR):c.2248G>C (p.Ala750Pro),Lung adenocarcinoma,"Adenocarcinoma of lung; Adenocarcinoma of lung, somatic"
EGFR,rs121913230,G,A,"missense_variant,genic_downstream_transcript_variant,coding_sequence_variant,non_coding_transcript_variant",None,1,https://www.ncbi.nlm.nih.gov/snp/rs121913230,Likely-Pathogenic,RCV000444211.1,7p11.2,NM_005228.5(EGFR):c.2428G>A (p.Gly810Ser),Squamous cell carcinoma,Epidermoid carcinoma
EGFR,rs121913231,C,T,"missense_variant,genic_downstream_transcript_variant,coding_sequence_variant","T=0.000008 (2/251492, GnomAD_exome).T=0.000008 (1/121312, ExAC)",3,https://www.ncbi.nlm.nih.gov/snp/rs121913231,Likely-Pathogenic,RCV000436542.1,7p11.2,NM_005228.5(EGFR):c.2257C>T (p.Pro753Ser),"Non-small cell lung carcinoma (NSCLC)
                    ",Non-small cell lung cancer
EGFR,rs121913231,C,T,"missense_variant,genic_downstream_transcript_variant,coding_sequence_variant","T=0.000008 (2/251492, GnomAD_exome).T=0.000008 (1/121312, ExAC)",3,https://www.ncbi.nlm.nih.gov/snp/rs121913231,Likely-Pathogenic,RCV000441908.1,7p11.2,NM_005228.5(EGFR):c.2257C>T (p.Pro753Ser),Head and neck neoplasm,Neoplasm of head and neck; Head and Neck Neoplasms
EGFR,rs121913418,G,A,"missense_variant,genic_downstream_transcript_variant,coding_sequence_variant","C=0.000004 (1/264690, TOPMED).C=0.00000 (0/10680, ALFA)",6,https://www.ncbi.nlm.nih.gov/snp/rs121913418,Likely-Pathogenic,RCV000425618.1,7p11.2,NM_005228.5(EGFR):c.2281G>A (p.Asp761Asn),"Non-small cell lung carcinoma (NSCLC)
                    ",Non-small cell lung cancer
EGFR,rs121913418,G,T,"missense_variant,genic_downstream_transcript_variant,coding_sequence_variant","C=0.000004 (1/264690, TOPMED).C=0.00000 (0/10680, ALFA)",6,https://www.ncbi.nlm.nih.gov/snp/rs121913418,Likely-Pathogenic,RCV000435465.1,7p11.2,NM_005228.5(EGFR):c.2281G>T (p.Asp761Tyr),"Non-small cell lung carcinoma (NSCLC)
                    ",Non-small cell lung cancer
EGFR,rs121913420,G,A,"missense_variant,genic_downstream_transcript_variant,coding_sequence_variant",None,2,https://www.ncbi.nlm.nih.gov/snp/rs121913420,Likely-Pathogenic,RCV000424211.1,7p11.2,NM_005228.5(EGFR):c.2200G>A (p.Glu734Lys),"Non-small cell lung carcinoma (NSCLC)
                    ",Non-small cell lung cancer
EGFR,rs121913427,G,A,"missense_variant,genic_downstream_transcript_variant,coding_sequence_variant",None,1,https://www.ncbi.nlm.nih.gov/snp/rs121913427,Likely-Pathogenic,RCV000424472.1,7p11.2,NM_005228.5(EGFR):c.2236G>A (p.Glu746Lys),"Non-small cell lung carcinoma (NSCLC)
                    ",Non-small cell lung cancer
EGFR,rs121913428,G,A,"missense_variant,genic_downstream_transcript_variant,coding_sequence_variant",None,18,https://www.ncbi.nlm.nih.gov/snp/rs121913428,Likely-Pathogenic,RCV000418583.1,7p11.2,NM_005228.5(EGFR):c.2156G>A (p.Gly719Asp),"Non-small cell lung carcinoma (NSCLC)
                    ",Non-small cell lung cancer
EGFR,rs121913428,G,A,"missense_variant,genic_downstream_transcript_variant,coding_sequence_variant",None,18,https://www.ncbi.nlm.nih.gov/snp/rs121913428,Likely-Pathogenic,RCV000420993.1,7p11.2,NM_005228.5(EGFR):c.2156G>A (p.Gly719Asp),Squamous cell lung carcinoma,"Lung cancer, squamous cell, somatic; Squamous cell carcinoma of lung"
EGFR,rs121913428,G,A,"missense_variant,genic_downstream_transcript_variant,coding_sequence_variant",None,18,https://www.ncbi.nlm.nih.gov/snp/rs121913428,Likely-Pathogenic,RCV000428419.1,7p11.2,NM_005228.5(EGFR):c.2156G>A (p.Gly719Asp),Glioblastoma,Giant cell glioblastoma (histologic variant); Gliosarcoma (histologic variant)
EGFR,rs121913428,G,A,"missense_variant,genic_downstream_transcript_variant,coding_sequence_variant",None,18,https://www.ncbi.nlm.nih.gov/snp/rs121913428,Likely-Pathogenic,RCV000439067.1,7p11.2,NM_005228.5(EGFR):c.2156G>A (p.Gly719Asp),Lung adenocarcinoma,"Adenocarcinoma of lung; Adenocarcinoma of lung, somatic"
EGFR,rs121913428,G,C,"missense_variant,genic_downstream_transcript_variant,coding_sequence_variant",None,18,https://www.ncbi.nlm.nih.gov/snp/rs121913428,Pathogenic,RCV000038381.6,7p11.2,NM_005228.5(EGFR):c.2156G>C (p.Gly719Ala),"Non-small cell lung carcinoma (NSCLC)
                    ",Non-small cell lung cancer
EGFR,rs121913428,G,C,"missense_variant,genic_downstream_transcript_variant,coding_sequence_variant",None,18,https://www.ncbi.nlm.nih.gov/snp/rs121913428,Likely-Pathogenic,RCV000426037.1,7p11.2,NM_005228.5(EGFR):c.2156G>C (p.Gly719Ala),Glioblastoma,Giant cell glioblastoma (histologic variant); Gliosarcoma (histologic variant)
EGFR,rs121913428,G,C,"missense_variant,genic_downstream_transcript_variant,coding_sequence_variant",None,18,https://www.ncbi.nlm.nih.gov/snp/rs121913428,Likely-Pathogenic,RCV000436293.1,7p11.2,NM_005228.5(EGFR):c.2156G>C (p.Gly719Ala),Lung adenocarcinoma,"Adenocarcinoma of lung; Adenocarcinoma of lung, somatic"
EGFR,rs121913430,G,A,"missense_variant,genic_downstream_transcript_variant,coding_sequence_variant",None,2,https://www.ncbi.nlm.nih.gov/snp/rs121913430,Likely-Pathogenic,RCV000434054.1,7p11.2,NM_005228.5(EGFR):c.2203G>A (p.Gly735Ser),"Non-small cell lung carcinoma (NSCLC)
                    ",Non-small cell lung cancer
EGFR,rs121913430,G,A,"missense_variant,genic_downstream_transcript_variant,coding_sequence_variant",None,2,https://www.ncbi.nlm.nih.gov/snp/rs121913430,Likely-Pathogenic,RCV000442962.1,7p11.2,NM_005228.5(EGFR):c.2203G>A (p.Gly735Ser),Prostate neoplasm,MONDO: MONDO:0021259; MeSH: D011471; MedGen: C0033578; Human Phenotype Ontology: HP:0100787
EGFR,rs121913431,G,A,"missense_variant,genic_downstream_transcript_variant,coding_sequence_variant,non_coding_transcript_variant",None,1,https://www.ncbi.nlm.nih.gov/snp/rs121913431,Likely-Pathogenic,RCV000425650.1,7p11.2,NM_005228.5(EGFR):c.2429G>A (p.Gly810Asp),Squamous cell carcinoma,Epidermoid carcinoma
EGFR,rs121913432,A,G,"missense_variant,genic_downstream_transcript_variant,coding_sequence_variant,non_coding_transcript_variant",None,2,https://www.ncbi.nlm.nih.gov/snp/rs121913432,Likely-Pathogenic,RCV000420488.1,7p11.2,NM_005228.5(EGFR):c.2318A>G (p.His773Arg),"Non-small cell lung carcinoma (NSCLC)
                    ",Non-small cell lung cancer
EGFR,rs121913433,A,G,"missense_variant,genic_downstream_transcript_variant,coding_sequence_variant",None,3,https://www.ncbi.nlm.nih.gov/snp/rs121913433,Likely-Pathogenic,RCV000433245.1,7p11.2,NM_005228.5(EGFR):c.2234A>G (p.Lys745Arg),"Squamous cell carcinoma of the head and neck (HNSCC)
                    ","Head and neck squamous cell carcinoma; Carcinoma, squamous cell of head and neck; Squamous cell carcinoma, head and neck, somatic"
EGFR,rs121913443,C,A,"missense_variant,genic_downstream_transcript_variant,synonymous_variant,coding_sequence_variant","T=0.000030 (8/264690, TOPMED).T=0.000029 (4/140234, GnomAD).T=0.00000 (0/10680, ALFA)",6,https://www.ncbi.nlm.nih.gov/snp/rs121913443,Likely-Pathogenic,RCV000431153.1,7p11.2,NM_005228.5(EGFR):c.2572C>A (p.Leu858Met),"Non-small cell lung carcinoma (NSCLC)
                    ",Non-small cell lung cancer
EGFR,rs121913444,T,A,"missense_variant,genic_downstream_transcript_variant,coding_sequence_variant",None,11,https://www.ncbi.nlm.nih.gov/snp/rs121913444,Likely-Pathogenic,RCV000420876.1,7p11.2,NM_005228.5(EGFR):c.2582T>A (p.Leu861Gln),Lung adenocarcinoma,"Adenocarcinoma of lung; Adenocarcinoma of lung, somatic"
EGFR,rs121913444,T,A,"missense_variant,genic_downstream_transcript_variant,coding_sequence_variant",None,11,https://www.ncbi.nlm.nih.gov/snp/rs121913444,Pathogenic,RCV000428294.1,7p11.2,NM_005228.5(EGFR):c.2582T>A (p.Leu861Gln),"Non-small cell lung carcinoma (NSCLC)
                    ",Non-small cell lung cancer
EGFR,rs121913444,T,A,"missense_variant,genic_downstream_transcript_variant,coding_sequence_variant",None,11,https://www.ncbi.nlm.nih.gov/snp/rs121913444,Likely-Pathogenic,RCV000438538.1,7p11.2,NM_005228.5(EGFR):c.2582T>A (p.Leu861Gln),Squamous cell lung carcinoma,"Lung cancer, squamous cell, somatic; Squamous cell carcinoma of lung"
EGFR,rs121913444,T,C,"missense_variant,genic_downstream_transcript_variant,coding_sequence_variant",None,11,https://www.ncbi.nlm.nih.gov/snp/rs121913444,Likely-Pathogenic,RCV000427689.1,7p11.2,NM_005228.5(EGFR):c.2582T>C (p.Leu861Pro),Squamous cell lung carcinoma,"Lung cancer, squamous cell, somatic; Squamous cell carcinoma of lung"
EGFR,rs121913444,T,G,"missense_variant,genic_downstream_transcript_variant,coding_sequence_variant",None,11,https://www.ncbi.nlm.nih.gov/snp/rs121913444,Likely-Pathogenic,RCV000434431.1,7p11.2,NM_005228.5(EGFR):c.2582T>G (p.Leu861Arg),Squamous cell lung carcinoma,"Lung cancer, squamous cell, somatic; Squamous cell carcinoma of lung"
EGFR,rs121913446,C,T,"missense_variant,genic_downstream_transcript_variant,coding_sequence_variant",None,2,https://www.ncbi.nlm.nih.gov/snp/rs121913446,Likely-Pathogenic,RCV000428149.1,7p11.2,NM_005228.5(EGFR):c.2198C>T (p.Pro733Leu),"Non-small cell lung carcinoma (NSCLC)
                    ",Non-small cell lung cancer
EGFR,rs121913446,C,T,"missense_variant,genic_downstream_transcript_variant,coding_sequence_variant",None,2,https://www.ncbi.nlm.nih.gov/snp/rs121913446,Likely-Pathogenic,RCV000441469.1,7p11.2,NM_005228.5(EGFR):c.2198C>T (p.Pro733Leu),Esophageal squamous cell carcinoma,MONDO: MONDO:0005580; MeSH: D000077277; MedGen: C0279626
EGFR,rs121913464,C,A,"missense_variant,genic_downstream_transcript_variant,coding_sequence_variant",None,1,https://www.ncbi.nlm.nih.gov/snp/rs121913464,Likely-Pathogenic,RCV000432149.1,7p11.2,NM_005228.5(EGFR):c.2255C>A (p.Ser752Tyr),"Non-small cell lung carcinoma (NSCLC)
                    ",Non-small cell lung cancer
EGFR,rs121913465,G,T,"missense_variant,genic_downstream_transcript_variant,coding_sequence_variant,non_coding_transcript_variant",None,12,https://www.ncbi.nlm.nih.gov/snp/rs121913465,Pathogenic,RCV000038407.7,7p11.2,NM_005228.5(EGFR):c.2303G>T (p.Ser768Ile),"Non-small cell lung carcinoma (NSCLC)
                    ",Non-small cell lung cancer
EGFR,rs121913465,G,T,"missense_variant,genic_downstream_transcript_variant,coding_sequence_variant,non_coding_transcript_variant",None,12,https://www.ncbi.nlm.nih.gov/snp/rs121913465,Likely-Pathogenic,RCV000428042.1,7p11.2,NM_005228.5(EGFR):c.2303G>T (p.Ser768Ile),Carcinoma of esophagus,Oesophageal carcinoma; Esophageal carcinoma
EGFR,rs121913465,G,T,"missense_variant,genic_downstream_transcript_variant,coding_sequence_variant,non_coding_transcript_variant",None,12,https://www.ncbi.nlm.nih.gov/snp/rs121913465,Likely-Pathogenic,RCV000435248.1,7p11.2,NM_005228.5(EGFR):c.2303G>T (p.Ser768Ile),Squamous cell lung carcinoma,"Lung cancer, squamous cell, somatic; Squamous cell carcinoma of lung"
EGFR,rs121913466,T,C,"missense_variant,genic_downstream_transcript_variant,coding_sequence_variant",None,2,https://www.ncbi.nlm.nih.gov/snp/rs121913466,Likely-Pathogenic,RCV000423407.1,7p11.2,NM_005228.5(EGFR):c.2225T>C (p.Val742Ala),"Non-small cell lung carcinoma (NSCLC)
                    ",Non-small cell lung cancer
EGFR,rs121913467,G,A,"missense_variant,stop_gained,genic_downstream_transcript_variant,coding_sequence_variant",None,1,https://www.ncbi.nlm.nih.gov/snp/rs121913467,Likely-Pathogenic,RCV000444748.1,7p11.2,NM_005228.5(EGFR):c.2193G>A (p.Trp731Ter),"Non-small cell lung carcinoma (NSCLC)
                    ",Non-small cell lung cancer
EGFR,rs139236063,G,C,"missense_variant,genic_downstream_transcript_variant,coding_sequence_variant","T=0.000008 (1/121182, ExAC)",2,https://www.ncbi.nlm.nih.gov/snp/rs139236063,Likely-Pathogenic,RCV000423114.1,7p11.2,NM_005228.5(EGFR):c.1793G>C (p.Gly598Ala),Neoplasm of brain,Brain tumour; Brain neoplasm; Brain Neoplasms
EGFR,rs139236063,G,C,"missense_variant,genic_downstream_transcript_variant,coding_sequence_variant","T=0.000008 (1/121182, ExAC)",2,https://www.ncbi.nlm.nih.gov/snp/rs139236063,Likely-Pathogenic,RCV000429899.1,7p11.2,NM_005228.5(EGFR):c.1793G>C (p.Gly598Ala),Brainstem glioma,MONDO: MONDO:0002911; MedGen: C0677865; Human Phenotype Ontology: HP:0010796
EGFR,rs139236063,G,C,"missense_variant,genic_downstream_transcript_variant,coding_sequence_variant","T=0.000008 (1/121182, ExAC)",2,https://www.ncbi.nlm.nih.gov/snp/rs139236063,Likely-Pathogenic,RCV000440786.1,7p11.2,NM_005228.5(EGFR):c.1793G>C (p.Gly598Ala),Glioblastoma,Giant cell glioblastoma (histologic variant); Gliosarcoma (histologic variant)
EGFR,rs139236063,G,T,"missense_variant,genic_downstream_transcript_variant,coding_sequence_variant","T=0.000008 (1/121182, ExAC)",2,https://www.ncbi.nlm.nih.gov/snp/rs139236063,Likely-Pathogenic,RCV000418494.1,7p11.2,NM_005228.5(EGFR):c.1793G>T (p.Gly598Val),Brainstem glioma,MONDO: MONDO:0002911; MedGen: C0677865; Human Phenotype Ontology: HP:0010796
EGFR,rs139236063,G,T,"missense_variant,genic_downstream_transcript_variant,coding_sequence_variant","T=0.000008 (1/121182, ExAC)",2,https://www.ncbi.nlm.nih.gov/snp/rs139236063,Likely-Pathogenic,RCV000434448.1,7p11.2,NM_005228.5(EGFR):c.1793G>T (p.Gly598Val),Neoplasm of brain,Brain tumour; Brain neoplasm; Brain Neoplasms
EGFR,rs139236063,G,T,"missense_variant,genic_downstream_transcript_variant,coding_sequence_variant","T=0.000008 (1/121182, ExAC)",2,https://www.ncbi.nlm.nih.gov/snp/rs139236063,Likely-Pathogenic,RCV000436167.1,7p11.2,NM_005228.5(EGFR):c.1793G>T (p.Gly598Val),Glioblastoma,Giant cell glioblastoma (histologic variant); Gliosarcoma (histologic variant)
EGFR,rs146795390,G,A,"genic_downstream_transcript_variant,coding_sequence_variant,missense_variant","A=0.000004 (1/264690, TOPMED).A=0.000008 (2/251282, GnomAD_exome).A=0.000007 (1/140176, GnomAD)",1,https://www.ncbi.nlm.nih.gov/snp/rs146795390,Likely-Pathogenic,RCV000426205.1,7p11.2,NM_005228.5(EGFR):c.2527G>A (p.Val843Ile),Head and neck neoplasm,Neoplasm of head and neck; Head and Neck Neoplasms
EGFR,rs149840192,C,A,"missense_variant,coding_sequence_variant,intron_variant",None,2,https://www.ncbi.nlm.nih.gov/snp/rs149840192,Likely-Pathogenic,RCV000427425.1,7p11.2,NM_005228.5(EGFR):c.866C>A (p.Ala289Asp),Neoplasm of brain,Brain tumour; Brain neoplasm; Brain Neoplasms
EGFR,rs149840192,C,A,"missense_variant,coding_sequence_variant,intron_variant",None,2,https://www.ncbi.nlm.nih.gov/snp/rs149840192,Likely-Pathogenic,RCV000434840.1,7p11.2,NM_005228.5(EGFR):c.866C>A (p.Ala289Asp),Glioblastoma,Giant cell glioblastoma (histologic variant); Gliosarcoma (histologic variant)
EGFR,rs149840192,C,A,"missense_variant,coding_sequence_variant,intron_variant",None,2,https://www.ncbi.nlm.nih.gov/snp/rs149840192,Likely-Pathogenic,RCV000443311.1,7p11.2,NM_005228.5(EGFR):c.866C>A (p.Ala289Asp),"Squamous cell carcinoma of the head and neck (HNSCC)
                    ","Head and neck squamous cell carcinoma; Carcinoma, squamous cell of head and neck; Squamous cell carcinoma, head and neck, somatic"
EGFR,rs149840192,C,T,"missense_variant,coding_sequence_variant,intron_variant",None,2,https://www.ncbi.nlm.nih.gov/snp/rs149840192,Likely-Pathogenic,RCV000423404.1,7p11.2,NM_005228.5(EGFR):c.866C>T (p.Ala289Val),Glioblastoma,Giant cell glioblastoma (histologic variant); Gliosarcoma (histologic variant)
EGFR,rs149840192,C,T,"missense_variant,coding_sequence_variant,intron_variant",None,2,https://www.ncbi.nlm.nih.gov/snp/rs149840192,Likely-Pathogenic,RCV000423749.1,7p11.2,NM_005228.5(EGFR):c.866C>T (p.Ala289Val),Neoplasm of brain,Brain tumour; Brain neoplasm; Brain Neoplasms
EGFR,rs149840192,C,T,"missense_variant,coding_sequence_variant,intron_variant",None,2,https://www.ncbi.nlm.nih.gov/snp/rs149840192,Likely-Pathogenic,RCV000439402.1,7p11.2,NM_005228.5(EGFR):c.866C>T (p.Ala289Val),"Squamous cell carcinoma of the head and neck (HNSCC)
                    ","Head and neck squamous cell carcinoma; Carcinoma, squamous cell of head and neck; Squamous cell carcinoma, head and neck, somatic"
EGFR,rs397517086,AAC,delAAC,"inframe_indel,genic_downstream_transcript_variant,coding_sequence_variant",None,2,https://www.ncbi.nlm.nih.gov/snp/rs397517086,Pathogenic,RCV000038375.4,7p11.2,NM_005228.5(EGFR):c.2127_2129del (p.Glu709_Thr710delinsAsp),"Non-small cell lung carcinoma (NSCLC)
                    ",Non-small cell lung cancer
EGFR,rs397517097,T,C,"missense_variant,genic_downstream_transcript_variant,coding_sequence_variant",None,8,https://www.ncbi.nlm.nih.gov/snp/rs397517097,Likely-Pathogenic,RCV000434243.1,7p11.2,NM_005228.5(EGFR):c.2240T>C (p.Leu747Ser),Lung carcinoma,MONDO: MONDO:0005138; MedGen: C0684249
EGFR,rs397517097,T,C,"missense_variant,genic_downstream_transcript_variant,coding_sequence_variant",None,8,https://www.ncbi.nlm.nih.gov/snp/rs397517097,Likely-Pathogenic,RCV000443228.1,7p11.2,NM_005228.5(EGFR):c.2240T>C (p.Leu747Ser),Squamous cell lung carcinoma,"Lung cancer, squamous cell, somatic; Squamous cell carcinoma of lung"
EGFR,rs397517108,GC,TT,"non_coding_transcript_variant,missense_variant,genic_downstream_transcript_variant,coding_sequence_variant",None,7,https://www.ncbi.nlm.nih.gov/snp/rs397517108,Pathogenic,RCV000038408.4,7p11.2,NM_005228.5(EGFR):c.2303_2304delinsTT (p.Ser768Ile),"Non-small cell lung carcinoma (NSCLC)
                    ",Non-small cell lung cancer
EGFR,rs397517109,-,dupGCGTGGACA,"non_coding_transcript_variant,genic_downstream_transcript_variant,coding_sequence_variant,inframe_insertion",None,2,https://www.ncbi.nlm.nih.gov/snp/rs397517109,Likely-Pathogenic,RCV000038409.4,7p11.2,NM_005228.5(EGFR):c.2303_2311dup (p.Ser768_Asp770dup),"Non-small cell lung carcinoma (NSCLC)
                    ",Non-small cell lung cancer
EGFR,rs397517112,-,dupACC,"non_coding_transcript_variant,genic_downstream_transcript_variant,coding_sequence_variant,inframe_insertion",None,4,https://www.ncbi.nlm.nih.gov/snp/rs397517112,Pathogenic,RCV000038414.4,7p11.2,NM_005228.5(EGFR):c.2312_2314dup (p.Asn771_Pro772insHis),"Non-small cell lung carcinoma (NSCLC)
                    ",Non-small cell lung cancer
EGFR,rs397517114,-,dupCCCACG,"non_coding_transcript_variant,genic_downstream_transcript_variant,coding_sequence_variant,inframe_insertion",None,2,https://www.ncbi.nlm.nih.gov/snp/rs397517114,Likely-Pathogenic,RCV000038416.4,7p11.2,NM_005228.5(EGFR):c.2315_2320dup (p.His773_Val774insAlaHis),"Non-small cell lung carcinoma (NSCLC)
                    ",Non-small cell lung cancer
EGFR,rs397517116,-,dupCACGTG,"non_coding_transcript_variant,genic_downstream_transcript_variant,coding_sequence_variant,inframe_insertion",None,2,https://www.ncbi.nlm.nih.gov/snp/rs397517116,Likely-Pathogenic,RCV000038418.4,7p11.2,NM_005228.5(EGFR):c.2317_2322dup (p.His773_Val774dup),"Non-small cell lung carcinoma (NSCLC)
                    ",Non-small cell lung cancer
EGFR,rs397517127,G,T,"missense_variant,genic_downstream_transcript_variant,coding_sequence_variant","A=0.000004 (1/264690, TOPMED).A=0.00000 (0/10680, ALFA)",3,https://www.ncbi.nlm.nih.gov/snp/rs397517127,Pathogenic,RCV000038435.4,7p11.2,NM_005228.5(EGFR):c.2500G>T (p.Val834Leu),"Non-small cell lung carcinoma (NSCLC)
                    ",Non-small cell lung cancer
EGFR,rs606231253,G,A,"coding_sequence_variant,missense_variant,genic_downstream_transcript_variant","A=0.000004 (1/251476, GnomAD_exome).A=0.000008 (1/121264, ExAC)",1,https://www.ncbi.nlm.nih.gov/snp/rs606231253,Pathogenic,RCV000144851.19,7p11.2,NM_005228.5(EGFR):c.1283G>A (p.Gly428Asp),"Inflammatory skin and bowel disease, neonatal, 2 (NISBD2)
                    ",MONDO: MONDO:0014481; MedGen: C4015130; Orphanet: 294023; OMIM: 616069
EGFR,rs606231253,G,A,"coding_sequence_variant,missense_variant,genic_downstream_transcript_variant","A=0.000004 (1/251476, GnomAD_exome).A=0.000008 (1/121264, ExAC)",1,https://www.ncbi.nlm.nih.gov/snp/rs606231253,Pathogenic,RCV001849972.3,7p11.2,NM_005228.5(EGFR):c.1283G>A (p.Gly428Asp),"EGFR-related lung cancer (EGFR)
                    ",MedGen: CN130014
EGFR,rs727504233,GAATTAAGAGAAGCA,delGAATTAAGAGAAGCA,"inframe_deletion,coding_sequence_variant,genic_downstream_transcript_variant",None,2,https://www.ncbi.nlm.nih.gov/snp/rs727504233,Pathogenic,RCV001311279.6,7p11.2,NM_005228.5(EGFR):c.2236_2250del (p.Glu746_Ala750del),none provided,MedGen: CN517202
EGFR,rs769696078,G,A,"coding_sequence_variant,missense_variant,intron_variant","A=0.000008 (1/121394, ExAC)",1,https://www.ncbi.nlm.nih.gov/snp/rs769696078,Likely-Pathogenic,RCV000422848.1,7p11.2,NM_005228.5(EGFR):c.865G>A (p.Ala289Thr),"Squamous cell carcinoma of the head and neck (HNSCC)
                    ","Head and neck squamous cell carcinoma; Carcinoma, squamous cell of head and neck; Squamous cell carcinoma, head and neck, somatic"
EGFR,rs769696078,G,A,"coding_sequence_variant,missense_variant,intron_variant","A=0.000008 (1/121394, ExAC)",1,https://www.ncbi.nlm.nih.gov/snp/rs769696078,Likely-Pathogenic,RCV000433672.1,7p11.2,NM_005228.5(EGFR):c.865G>A (p.Ala289Thr),Neoplasm of brain,Brain tumour; Brain neoplasm; Brain Neoplasms
EGFR,rs769696078,G,A,"coding_sequence_variant,missense_variant,intron_variant","A=0.000008 (1/121394, ExAC)",1,https://www.ncbi.nlm.nih.gov/snp/rs769696078,Likely-Pathogenic,RCV000443246.1,7p11.2,NM_005228.5(EGFR):c.865G>A (p.Ala289Thr),Glioblastoma,Giant cell glioblastoma (histologic variant); Gliosarcoma (histologic variant)
EGFR,rs886037891,G,T,"missense_variant,coding_sequence_variant",None,1,https://www.ncbi.nlm.nih.gov/snp/rs886037891,Pathogenic,RCV000256393.1,7p11.2,NM_005228.5(EGFR):c.977G>T (p.Cys326Phe),"Cowden syndrome 1 (CWS1)
                    ",MONDO: MONDO:0008021; MedGen: CN072330; OMIM: 158350
EGFR,rs1057519760,A,G,"missense_variant,genic_downstream_transcript_variant,coding_sequence_variant",None,1,https://www.ncbi.nlm.nih.gov/snp/rs1057519760,Likely-Pathogenic,RCV000429440.1,7p11.2,NM_005228.5(EGFR):c.1474A>G (p.Ser492Gly),Neoplasm of the large intestine,Colorectal Neoplasms; Colorectal neoplasm
EGFR,rs1057519794,G,A,"missense_variant,genic_downstream_transcript_variant,stop_gained,coding_sequence_variant",None,1,https://www.ncbi.nlm.nih.gov/snp/rs1057519794,Likely-Pathogenic,RCV000438760.1,7p11.2,NM_005228.5(EGFR):c.2068G>A (p.Glu690Lys),"Endometrial Endometrioid Adenocarcinoma, Variant with Squamous Differentiation",MedGen: C0279763
EGFR,rs1057519828,G,A,"missense_variant,intron_variant,coding_sequence_variant",None,1,https://www.ncbi.nlm.nih.gov/snp/rs1057519828,Likely-Pathogenic,RCV000432019.1,7p11.2,NM_005228.5(EGFR):c.323G>A (p.Arg108Lys),Neoplasm of brain,Brain tumour; Brain neoplasm; Brain Neoplasms
EGFR,rs1057519829,A,C,"missense_variant,intron_variant,coding_sequence_variant","G=0.000004 (1/251462, GnomAD_exome)",1,https://www.ncbi.nlm.nih.gov/snp/rs1057519829,Likely-Pathogenic,RCV000444169.1,7p11.2,NM_005228.5(EGFR):c.787A>C (p.Thr263Pro),Neoplasm of brain,Brain tumour; Brain neoplasm; Brain Neoplasms
EGFR,rs1057519830,C,T,"missense_variant,genic_downstream_transcript_variant,coding_sequence_variant",None,1,https://www.ncbi.nlm.nih.gov/snp/rs1057519830,Likely-Pathogenic,RCV000443890.1,7p11.2,NM_005228.5(EGFR):c.1636C>T (p.Pro546Ser),Head and neck neoplasm,Neoplasm of head and neck; Head and Neck Neoplasms
EGFR,rs1057519848,TG,GT,"missense_variant,genic_downstream_transcript_variant,coding_sequence_variant",None,1,https://www.ncbi.nlm.nih.gov/snp/rs1057519848,Likely-Pathogenic,RCV000425876.1,7p11.2,NM_005228.5(EGFR):c.2573_2574delinsGT (p.Leu858Arg),"Non-small cell lung carcinoma (NSCLC)
                    ",Non-small cell lung cancer
EGFR,rs1057519887,GC,AA,"missense_variant,intron_variant,coding_sequence_variant",None,1,https://www.ncbi.nlm.nih.gov/snp/rs1057519887,Likely-Pathogenic,RCV000424975.1,7p11.2,NM_005228.5(EGFR):c.865_866delinsAA (p.Ala289Asn),Glioblastoma,Giant cell glioblastoma (histologic variant); Gliosarcoma (histologic variant)
EGFR,rs1057519887,GC,AA,"missense_variant,intron_variant,coding_sequence_variant",None,1,https://www.ncbi.nlm.nih.gov/snp/rs1057519887,Likely-Pathogenic,RCV000437629.1,7p11.2,NM_005228.5(EGFR):c.865_866delinsAA (p.Ala289Asn),"Squamous cell carcinoma of the head and neck (HNSCC)
                    ","Head and neck squamous cell carcinoma; Carcinoma, squamous cell of head and neck; Squamous cell carcinoma, head and neck, somatic"
EGFR,rs1057519887,GC,AA,"missense_variant,intron_variant,coding_sequence_variant",None,1,https://www.ncbi.nlm.nih.gov/snp/rs1057519887,Likely-Pathogenic,RCV000442544.1,7p11.2,NM_005228.5(EGFR):c.865_866delinsAA (p.Ala289Asn),Neoplasm of brain,Brain tumour; Brain neoplasm; Brain Neoplasms
EGFR,rs1057519887,GC,AT,"missense_variant,intron_variant,coding_sequence_variant",None,1,https://www.ncbi.nlm.nih.gov/snp/rs1057519887,Likely-Pathogenic,RCV000417429.1,7p11.2,NM_005228.5(EGFR):c.865_866delinsAT (p.Ala289Ile),Neoplasm of brain,Brain tumour; Brain neoplasm; Brain Neoplasms
EGFR,rs1057519887,GC,AT,"missense_variant,intron_variant,coding_sequence_variant",None,1,https://www.ncbi.nlm.nih.gov/snp/rs1057519887,Likely-Pathogenic,RCV000429429.1,7p11.2,NM_005228.5(EGFR):c.865_866delinsAT (p.Ala289Ile),"Squamous cell carcinoma of the head and neck (HNSCC)
                    ","Head and neck squamous cell carcinoma; Carcinoma, squamous cell of head and neck; Squamous cell carcinoma, head and neck, somatic"
EGFR,rs1057519887,GC,AT,"missense_variant,intron_variant,coding_sequence_variant",None,1,https://www.ncbi.nlm.nih.gov/snp/rs1057519887,Likely-Pathogenic,RCV000435251.1,7p11.2,NM_005228.5(EGFR):c.865_866delinsAT (p.Ala289Ile),Glioblastoma,Giant cell glioblastoma (histologic variant); Gliosarcoma (histologic variant)
EGFR,rs1057519888,A,G,"stop_gained,missense_variant,intron_variant,coding_sequence_variant",None,1,https://www.ncbi.nlm.nih.gov/snp/rs1057519888,Likely-Pathogenic,RCV000424206.1,7p11.2,NM_005228.5(EGFR):c.322A>G (p.Arg108Gly),Glioblastoma,Giant cell glioblastoma (histologic variant); Gliosarcoma (histologic variant)
EGFR,rs1057519888,A,G,"stop_gained,missense_variant,intron_variant,coding_sequence_variant",None,1,https://www.ncbi.nlm.nih.gov/snp/rs1057519888,Likely-Pathogenic,RCV000434481.1,7p11.2,NM_005228.5(EGFR):c.322A>G (p.Arg108Gly),Neoplasm of brain,Brain tumour; Brain neoplasm; Brain Neoplasms
EGFR,rs1057519888,A,G,"stop_gained,missense_variant,intron_variant,coding_sequence_variant",None,1,https://www.ncbi.nlm.nih.gov/snp/rs1057519888,Likely-Pathogenic,RCV000440142.1,7p11.2,NM_005228.5(EGFR):c.322A>G (p.Arg108Gly),Brainstem glioma,MONDO: MONDO:0002911; MedGen: C0677865; Human Phenotype Ontology: HP:0010796
EGFR,rs1057520037,G,C,"missense_variant,genic_downstream_transcript_variant,coding_sequence_variant",None,1,https://www.ncbi.nlm.nih.gov/snp/rs1057520037,Likely-Pathogenic,RCV000444877.1,7p11.2,NM_005228.5(EGFR):c.2245G>C (p.Glu749Gln),Lung carcinoma,MONDO: MONDO:0005138; MedGen: C0684249
EGFR,rs397517109,-,dupGCGTGGACA,"non_coding_transcript_variant,genic_downstream_transcript_variant,coding_sequence_variant,inframe_insertion",None,2,https://www.ncbi.nlm.nih.gov/snp/rs397517109,Likely-Pathogenic,RCV000038409.4,7p11.2,NM_005228.5(EGFR):c.2303_2311dup (p.Ser768_Asp770dup),"Non-small cell lung carcinoma (NSCLC)
                    ",Non-small cell lung cancer
EGLN1,rs80358193,G,C,"missense_variant,coding_sequence_variant","C=0.000004 (1/264690, TOPMED).C=0.00000 (0/78694, PAGE_STUDY).C=0.00000 (0/14050, ALFA)",1,https://www.ncbi.nlm.nih.gov/snp/rs80358193#publications,Pathogenic,RCV000004603.2,1q42.2,NM_022051.3(EGLN1):c.950C>G (p.Pro317Arg),"Erythrocytosis, familial, 3 (ECYT3)
                    ",MONDO: MONDO:0012353; MedGen: C1853286; Orphanet: 247511; OMIM: 609820
EGLN1,rs119476044,C,T,"missense_variant,coding_sequence_variant,intron_variant","T=0.000004 (1/264690, TOPMED).T=0.00000 (0/11156, ALFA)",1,https://www.ncbi.nlm.nih.gov/snp/rs119476044,Pathogenic,RCV000004604.2,1q42.2,NM_022051.3(EGLN1):c.1112G>A (p.Arg371His),"Erythrocytosis, familial, 3 (ECYT3)
                    ",MONDO: MONDO:0012353; MedGen: C1853286; Orphanet: 247511; OMIM: 609820
EGLN1,rs119476045,T,C,"missense_variant,coding_sequence_variant,intron_variant","C=0.000 (0/478, ALFA)",1,https://www.ncbi.nlm.nih.gov/snp/rs119476045,Pathogenic,RCV000004605.4,1q42.2,NM_022051.3(EGLN1):c.1121A>G (p.His374Arg),"Erythrocytosis, familial, 3 (ECYT3)
                    ",MONDO: MONDO:0012353; MedGen: C1853286; Orphanet: 247511; OMIM: 609820
ELANE,rs28931611,T,C,"missense_variant,coding_sequence_variant",None,2,https://www.ncbi.nlm.nih.gov/snp/rs28931611#publications,Pathogenic,RCV000018230.27,19p13.3,NM_001972.4(ELANE):c.211T>C (p.Cys71Arg),"Neutropenia, severe congenital, 1, autosomal dominant",MONDO: MONDO:0042490; MedGen: C1859966; OMIM: 202700
ELANE,rs57246956,G,A,"missense_variant,coding_sequence_variant",None,1,https://www.ncbi.nlm.nih.gov/snp/rs57246956,Pathogenic,RCV001332066.2,19p13.3,NM_001972.4(ELANE):c.452G>A (p.Cys151Tyr),"Neutropenia, severe congenital, 1, autosomal dominant",MONDO: MONDO:0042490; MedGen: C1859966; OMIM: 202700
ELANE,rs57246956,G,A,"missense_variant,coding_sequence_variant",None,1,https://www.ncbi.nlm.nih.gov/snp/rs57246956,Pathogenic,RCV001796160.5,19p13.3,NM_001972.4(ELANE):c.452G>A (p.Cys151Tyr),Cyclical neutropenia,Cyclic hematopoiesis
ELANE,rs57246956,G,C,"missense_variant,coding_sequence_variant",None,1,https://www.ncbi.nlm.nih.gov/snp/rs57246956,Pathogenic,RCV001824261.1,19p13.3,NM_001972.4(ELANE):c.452G>C (p.Cys151Ser),"Neutropenia, severe congenital, 1, autosomal dominant",MONDO: MONDO:0042490; MedGen: C1859966; OMIM: 202700
ELANE,rs57246956,G,T,"missense_variant,coding_sequence_variant",None,1,https://www.ncbi.nlm.nih.gov/snp/rs57246956,Pathogenic,RCV000228921.1,19p13.3,NM_001972.4(ELANE):c.452G>T (p.Cys151Phe),none provided,MedGen: CN517202
ELANE,rs137854445,G,A,"missense_variant,coding_sequence_variant","C=0.000015 (4/264690, TOPMED).A=0.00001 (1/78658, PAGE_STUDY).A=0.00000 (0/14710, ALFA)",1,https://www.ncbi.nlm.nih.gov/snp/rs137854445,Pathogenic,RCV000018222.24,19p13.3,NM_001972.4(ELANE):c.659G>A (p.Arg220Gln),Cyclical neutropenia,Cyclic hematopoiesis
ELANE,rs137854445,G,A,"missense_variant,coding_sequence_variant","C=0.000015 (4/264690, TOPMED).A=0.00001 (1/78658, PAGE_STUDY).A=0.00000 (0/14710, ALFA)",1,https://www.ncbi.nlm.nih.gov/snp/rs137854445,Pathogenic,RCV000522053.5,19p13.3,NM_001972.4(ELANE):c.659G>A (p.Arg220Gln),none provided,MedGen: CN517202
ELANE,rs137854445,G,A,"missense_variant,coding_sequence_variant","C=0.000015 (4/264690, TOPMED).A=0.00001 (1/78658, PAGE_STUDY).A=0.00000 (0/14710, ALFA)",1,https://www.ncbi.nlm.nih.gov/snp/rs137854445,Pathogenic,RCV001794454.5,19p13.3,NM_001972.4(ELANE):c.659G>A (p.Arg220Gln),Cyclical neutropenia,Cyclic hematopoiesis
ELANE,rs137854446,G,C,"missense_variant,coding_sequence_variant","T=0.00000 (0/78680, PAGE_STUDY).T=0.000 (0/660, ALFA)",1,https://www.ncbi.nlm.nih.gov/snp/rs137854446,Likely-Pathogenic,RCV000990117.1,19p13.3,NM_001972.4(ELANE):c.618G>C (p.Leu206Phe),Cyclical neutropenia,Cyclic hematopoiesis
ELANE,rs137854446,G,T,"missense_variant,coding_sequence_variant","T=0.00000 (0/78680, PAGE_STUDY).T=0.000 (0/660, ALFA)",1,https://www.ncbi.nlm.nih.gov/snp/rs137854446,Pathogenic,RCV000018223.27,19p13.3,NM_001972.4(ELANE):c.618G>T (p.Leu206Phe),Cyclical neutropenia,Cyclic hematopoiesis
ELANE,rs137854447,C,T,"missense_variant,coding_sequence_variant","T=0.005 (3/642, ALFA)",1,https://www.ncbi.nlm.nih.gov/snp/rs137854447,Pathogenic,RCV000018224.29,19p13.3,NM_001972.4(ELANE):c.182C>T (p.Ala61Val),Cyclical neutropenia,Cyclic hematopoiesis
ELANE,rs137854447,C,T,"missense_variant,coding_sequence_variant","T=0.005 (3/642, ALFA)",1,https://www.ncbi.nlm.nih.gov/snp/rs137854447,Pathogenic,RCV001794455.3,19p13.3,NM_001972.4(ELANE):c.182C>T (p.Ala61Val),Cyclical neutropenia,Cyclic hematopoiesis
ELANE,rs137854447,C,T,"missense_variant,coding_sequence_variant","T=0.005 (3/642, ALFA)",1,https://www.ncbi.nlm.nih.gov/snp/rs137854447,Pathogenic,RCV002262567.1,19p13.3,NM_001972.4(ELANE):c.182C>T (p.Ala61Val),Autoinflammatory syndrome,MONDO: MONDO:0019751; MedGen: C3890737
ELANE,rs137854448,C,T,"missense_variant,coding_sequence_variant",None,2,https://www.ncbi.nlm.nih.gov/snp/rs137854448,Pathogenic,RCV000018227.29,19p13.3,NM_001972.4(ELANE):c.416C>T (p.Pro139Leu),"Neutropenia, severe congenital, 1, autosomal dominant",MONDO: MONDO:0042490; MedGen: C1859966; OMIM: 202700
ELANE,rs137854448,C,T,"missense_variant,coding_sequence_variant",None,2,https://www.ncbi.nlm.nih.gov/snp/rs137854448,Pathogenic,RCV000220001.8,19p13.3,NM_001972.4(ELANE):c.416C>T (p.Pro139Leu),none provided,MedGen: CN517202
ELANE,rs137854448,C,T,"missense_variant,coding_sequence_variant",None,2,https://www.ncbi.nlm.nih.gov/snp/rs137854448,Pathogenic-Likely-Pathogenic,RCV001794456.5,19p13.3,NM_001972.4(ELANE):c.416C>T (p.Pro139Leu),Cyclical neutropenia,Cyclic hematopoiesis
ELANE,rs137854449,G,A,"missense_variant,coding_sequence_variant","T=0.00001 (1/78584, PAGE_STUDY).T=0.000 (0/660, ALFA)",1,https://www.ncbi.nlm.nih.gov/snp/rs137854449,Pathogenic,RCV001796353.5,19p13.3,NM_001972.4(ELANE):c.301G>A (p.Val101Met),Cyclical neutropenia,Cyclic hematopoiesis
ELANE,rs137854449,G,T,"missense_variant,coding_sequence_variant","T=0.00001 (1/78584, PAGE_STUDY).T=0.000 (0/660, ALFA)",1,https://www.ncbi.nlm.nih.gov/snp/rs137854449,Pathogenic,RCV000018231.29,19p13.3,NM_001972.4(ELANE):c.292G>T (p.Val98Leu),"Neutropenia, severe congenital, 1, autosomal dominant",MONDO: MONDO:0042490; MedGen: C1859966; OMIM: 202700
ELANE,rs137854450,C,G,"missense_variant,coding_sequence_variant,stop_gained","A=0.000008 (2/264690, TOPMED).T=0.00004 (3/78364, PAGE_STUDY).A=0.00000 (0/14708, ALFA)",2,https://www.ncbi.nlm.nih.gov/snp/rs137854450,Pathogenic,RCV001994518.3,19p13.3,NM_001972.4(ELANE):c.377C>G (p.Ser126Trp),Cyclical neutropenia,Cyclic hematopoiesis
ELANE,rs137854450,C,T,"missense_variant,coding_sequence_variant,stop_gained","A=0.000008 (2/264690, TOPMED).T=0.00004 (3/78364, PAGE_STUDY).A=0.00000 (0/14708, ALFA)",2,https://www.ncbi.nlm.nih.gov/snp/rs137854450,Pathogenic,RCV000508432.6,19p13.3,NM_001972.4(ELANE):c.377C>T (p.Ser126Leu),AllHighlyPenetrant,MedGen: CN169374
ELANE,rs137854450,C,T,"missense_variant,coding_sequence_variant,stop_gained","A=0.000008 (2/264690, TOPMED).T=0.00004 (3/78364, PAGE_STUDY).A=0.00000 (0/14708, ALFA)",2,https://www.ncbi.nlm.nih.gov/snp/rs137854450,Pathogenic,RCV000990116.2,19p13.3,NM_001972.4(ELANE):c.377C>T (p.Ser126Leu),Cyclical neutropenia,Cyclic hematopoiesis
ELANE,rs137854450,C,T,"missense_variant,coding_sequence_variant,stop_gained","A=0.000008 (2/264690, TOPMED).T=0.00004 (3/78364, PAGE_STUDY).A=0.00000 (0/14708, ALFA)",2,https://www.ncbi.nlm.nih.gov/snp/rs137854450,Pathogenic,RCV001794457.3,19p13.3,NM_001972.4(ELANE):c.377C>T (p.Ser126Leu),Cyclical neutropenia,Cyclic hematopoiesis
ELANE,rs137854451,G,A,"missense_variant,coding_sequence_variant,stop_gained","A=0.00000 (0/78384, PAGE_STUDY).A=0.000 (0/658, ALFA)",3,https://www.ncbi.nlm.nih.gov/snp/rs137854451,Pathogenic,RCV000018232.30,19p13.3,NM_001972.4(ELANE):c.640G>A (p.Gly214Arg),"Neutropenia, severe congenital, 1, autosomal dominant",MONDO: MONDO:0042490; MedGen: C1859966; OMIM: 202700
ELANE,rs137854451,G,A,"missense_variant,coding_sequence_variant,stop_gained","A=0.00000 (0/78384, PAGE_STUDY).A=0.000 (0/658, ALFA)",3,https://www.ncbi.nlm.nih.gov/snp/rs137854451,Pathogenic,RCV000214338.1,19p13.3,NM_001972.4(ELANE):c.640G>A (p.Gly214Arg),none provided,MedGen: C3661900
ELANE,rs137854451,G,A,"missense_variant,coding_sequence_variant,stop_gained","A=0.00000 (0/78384, PAGE_STUDY).A=0.000 (0/658, ALFA)",3,https://www.ncbi.nlm.nih.gov/snp/rs137854451,Pathogenic,RCV001336413.1,19p13.3,NM_001972.4(ELANE):c.640G>A (p.Gly214Arg),Cyclical neutropenia,Cyclic hematopoiesis
ELANE,rs137854451,G,A,"missense_variant,coding_sequence_variant,stop_gained","A=0.00000 (0/78384, PAGE_STUDY).A=0.000 (0/658, ALFA)",3,https://www.ncbi.nlm.nih.gov/snp/rs137854451,Pathogenic,RCV001851904.3,19p13.3,NM_001972.4(ELANE):c.640G>A (p.Gly214Arg),Cyclical neutropenia,Cyclic hematopoiesis
ELANE,rs267606781,G,T,"missense_variant,coding_sequence_variant","A=0.000013 (3/236784, GnomAD_exome).T=0.00006 (5/77798, PAGE_STUDY).T=0.00007 (1/14706, ALFA)",1,https://www.ncbi.nlm.nih.gov/snp/rs267606781,Pathogenic,RCV000018231.29,19p13.3,NM_001972.4(ELANE):c.292G>T (p.Val98Leu),"Neutropenia, severe congenital, 1, autosomal dominant",MONDO: MONDO:0042490; MedGen: C1859966; OMIM: 202700
ELANE,rs387906553,G,A,"coding_sequence_variant,missense_variant","A=0.000004 (1/264690, TOPMED).C=0.000012 (2/164434, GnomAD_exome).A=0.000007 (1/140260, GnomAD)",1,https://www.ncbi.nlm.nih.gov/snp/rs387906553,Pathogenic,RCV000018228.28,19p13.3,NM_001972.4(ELANE):c.214G>A (p.Val72Met),"Neutropenia, severe congenital, 1, autosomal dominant",MONDO: MONDO:0042490; MedGen: C1859966; OMIM: 202700
ELANE,rs1057520110,C,T,"missense_variant,coding_sequence_variant",None,1,https://www.ncbi.nlm.nih.gov/snp/rs1057520110,Pathogenic-Likely-Pathogenic,RCV000429848.3,19p13.3,NM_001972.4(ELANE):c.170C>T (p.Ala57Val),none provided,MedGen: CN517202
EPCAM,rs267606785,G,A,"coding_sequence_variant,missense_variant","A=0.00000 (0/78692, PAGE_STUDY).A=0.000 (0/660, ALFA)",2,https://www.ncbi.nlm.nih.gov/snp/rs267606785#publications,Pathogenic,RCV000013611.27,2p21,NM_002354.3(EPCAM):c.197G>A (p.Cys66Tyr),Congenital diarrhea 5 with tufting enteropathy,INTESTINAL EPITHELIAL CELL DYSPLASIA; Congenital tufting enteropathy
EPCAM,rs397514661,C,T,"stop_gained,synonymous_variant,missense_variant,coding_sequence_variant","T=0.00001 (1/78698, PAGE_STUDY).T=0.00005 (1/22042, ALFA)",2,https://www.ncbi.nlm.nih.gov/snp/rs397514661,Pathogenic,RCV000033250.24,2p21,NM_002354.3(EPCAM):c.412C>T (p.Arg138Ter),Congenital diarrhea 5 with tufting enteropathy,INTESTINAL EPITHELIAL CELL DYSPLASIA; Congenital tufting enteropathy
ERCC1,rs121913028,G,C,"missense_variant,coding_sequence_variant,synonymous_variant","C=0.00000 (0/78700, PAGE_STUDY).C=0.00004 (1/23036, ALFA).A=0.0003 (1/2922, KOREAN)",2,https://www.ncbi.nlm.nih.gov/snp/rs121913028#publications,Pathogenic,RCV000018266.32,19q13.32,NM_001983.4(ERCC1):c.693C>G (p.Phe231Leu),"Cerebrooculofacioskeletal syndrome 4 (COFS4)
                    ",MONDO: MONDO:0012554; MedGen: C1853100; OMIM: 610758
ERCC1,rs121913028,G,C,"missense_variant,coding_sequence_variant,synonymous_variant","C=0.00000 (0/78700, PAGE_STUDY).C=0.00004 (1/23036, ALFA).A=0.0003 (1/2922, KOREAN)",2,https://www.ncbi.nlm.nih.gov/snp/rs121913028#publications,Pathogenic,RCV000252117.2,19q13.32,NM_001983.4(ERCC1):c.693C>G (p.Phe231Leu),Cockayne syndrome,Cockayne's syndrome; Dwarfism-retinal atrophy-deafness syndrome; Progeria-like syndrome; See all synonyms [MedGen]
ERCC1,rs150584960,C,A,"missense_variant,stop_gained,coding_sequence_variant","T=0.000023 (6/264690, TOPMED).T=0.000014 (2/140190, GnomAD).T=0.00000 (0/14050, ALFA)",2,https://www.ncbi.nlm.nih.gov/snp/rs150584960,Likely-Pathogenic,RCV000490532.1,19q13.32,NM_001983.4(ERCC1):c.184G>T (p.Glu62Ter),"Cerebrooculofacioskeletal syndrome 4 (COFS4)
                    ",MONDO: MONDO:0012554; MedGen: C1853100; OMIM: 610758
ERCC2,rs41556519,G,A,"missense_variant,genic_downstream_transcript_variant,coding_sequence_variant,non_coding_transcript_variant","A=0.000038 (10/264690, TOPMED).A=0.000060 (15/251072, GnomAD_exome).A=0.000029 (4/140178, GnomAD)",3,https://www.ncbi.nlm.nih.gov/snp/rs41556519#publications,Pathogenic,RCV000018284.30,19q13.32,NM_000400.4(ERCC2):c.2047C>T (p.Arg683Trp),"Xeroderma pigmentosum, group D (XPD)
                    ","XERODERMA PIGMENTOSUM, COMPLEMENTATION GROUP D; XERODERMA PIGMENTOSUM IV; XP, GROUP D; See all synonyms [MedGen]"
ERCC2,rs41556519,G,A,"missense_variant,genic_downstream_transcript_variant,coding_sequence_variant,non_coding_transcript_variant","A=0.000038 (10/264690, TOPMED).A=0.000060 (15/251072, GnomAD_exome).A=0.000029 (4/140178, GnomAD)",3,https://www.ncbi.nlm.nih.gov/snp/rs41556519#publications,Pathogenic,RCV000518900.5,19q13.32,NM_000400.4(ERCC2):c.2047C>T (p.Arg683Trp),none provided,MedGen: CN517202
ERCC2,rs41556519,G,A,"missense_variant,genic_downstream_transcript_variant,coding_sequence_variant,non_coding_transcript_variant","A=0.000038 (10/264690, TOPMED).A=0.000060 (15/251072, GnomAD_exome).A=0.000029 (4/140178, GnomAD)",3,https://www.ncbi.nlm.nih.gov/snp/rs41556519#publications,Likely-Pathogenic,RCV000623275.2,19q13.32,NM_000400.4(ERCC2):c.2047C>T (p.Arg683Trp),Inborn genetic diseases,MeSH: D030342; MedGen: C0950123
ERCC2,rs41556519,G,A,"missense_variant,genic_downstream_transcript_variant,coding_sequence_variant,non_coding_transcript_variant","A=0.000038 (10/264690, TOPMED).A=0.000060 (15/251072, GnomAD_exome).A=0.000029 (4/140178, GnomAD)",3,https://www.ncbi.nlm.nih.gov/snp/rs41556519#publications,Pathogenic,RCV000763053.2,19q13.32,NM_000400.4(ERCC2):c.2047C>T (p.Arg683Trp),"Cerebrooculofacioskeletal syndrome 2 (COFS2)
                    ",MONDO: MONDO:0012553; MedGen: C1853102; OMIM: 610756
ERCC2,rs121913016,G,C,"genic_downstream_transcript_variant,missense_variant,coding_sequence_variant,non_coding_transcript_variant","C=0.000287 (76/264690, TOPMED).C=0.001203 (302/251138, GnomAD_exome).C=0.000299 (42/140306, GnomAD)",4,https://www.ncbi.nlm.nih.gov/snp/rs121913016,Pathogenic,RCV000171546.5,19q13.32,NM_000400.4(ERCC2):c.1381C>G (p.Leu461Val),"Trichothiodystrophy 1, photosensitive (TTD1)
                    ",PIBIDS syndrome; TAY SYNDROME; TRICHOTHIODYSTROPHY WITH CONGENITAL ICHTHYOSIS
ERCC2,rs121913017,G,A,"genic_downstream_transcript_variant,missense_variant,stop_gained,non_coding_transcript_variant,coding_sequence_variant","C=0.000004 (1/264690, TOPMED).C=0.000004 (1/250878, GnomAD_exome).C=0.000007 (1/140266, GnomAD)",1,https://www.ncbi.nlm.nih.gov/snp/rs121913017,Pathogenic,RCV000018269.28,19q13.32,NM_000400.4(ERCC2):c.2176C>T (p.Gln726Ter),"Xeroderma pigmentosum, group D (XPD)
                    ","XERODERMA PIGMENTOSUM, COMPLEMENTATION GROUP D; XERODERMA PIGMENTOSUM IV; XP, GROUP D; See all synonyms [MedGen]"
ERCC2,rs121913018,C,G,"genic_downstream_transcript_variant,missense_variant,coding_sequence_variant,non_coding_transcript_variant","G=0.000020 (5/250876, GnomAD_exome).G=0.000043 (6/140232, GnomAD).G=0.000034 (4/119328, ExAC)",1,https://www.ncbi.nlm.nih.gov/snp/rs121913018,Pathogenic,RCV000018270.28,19q13.32,NM_000400.4(ERCC2):c.2173G>C (p.Ala725Pro),"Trichothiodystrophy 1, photosensitive (TTD1)
                    ",PIBIDS syndrome; TAY SYNDROME; TRICHOTHIODYSTROPHY WITH CONGENITAL ICHTHYOSIS
ERCC2,rs121913018,C,G,"genic_downstream_transcript_variant,missense_variant,coding_sequence_variant,non_coding_transcript_variant","G=0.000020 (5/250876, GnomAD_exome).G=0.000043 (6/140232, GnomAD).G=0.000034 (4/119328, ExAC)",1,https://www.ncbi.nlm.nih.gov/snp/rs121913018,Pathogenic,RCV001851906.1,19q13.32,NM_000400.4(ERCC2):c.2173G>C (p.Ala725Pro),none provided,MedGen: CN517202
ERCC2,rs121913019,T,G,"genic_downstream_transcript_variant,missense_variant,3_prime_UTR_variant,non_coding_transcript_variant,coding_sequence_variant","C=0.000004 (1/251456, GnomAD_exome).G=0.000008 (1/121340, ExAC).G=0.00021 (6/28258, 14KJPN)",1,https://www.ncbi.nlm.nih.gov/snp/rs121913019,Pathogenic,RCV000018272.29,19q13.32,NM_000400.4(ERCC2):c.1621A>C (p.Ser541Arg),"Xeroderma pigmentosum, group D (XPD)
                    ","XERODERMA PIGMENTOSUM, COMPLEMENTATION GROUP D; XERODERMA PIGMENTOSUM IV; XP, GROUP D; See all synonyms [MedGen]"
ERCC2,rs121913020,C,T,"non_coding_transcript_variant,missense_variant,coding_sequence_variant","T=0.000042 (11/264690, TOPMED).T=0.000020 (5/251144, GnomAD_exome).T=0.000064 (9/140272, GnomAD)",2,https://www.ncbi.nlm.nih.gov/snp/rs121913020,Pathogenic,RCV000018273.27,19q13.32,NM_000400.4(ERCC2):c.335G>A (p.Arg112His),"Trichothiodystrophy 1, photosensitive (TTD1)
                    ",PIBIDS syndrome; TAY SYNDROME; TRICHOTHIODYSTROPHY WITH CONGENITAL ICHTHYOSIS
ERCC2,rs121913020,C,T,"non_coding_transcript_variant,missense_variant,coding_sequence_variant","T=0.000042 (11/264690, TOPMED).T=0.000020 (5/251144, GnomAD_exome).T=0.000064 (9/140272, GnomAD)",2,https://www.ncbi.nlm.nih.gov/snp/rs121913020,Pathogenic,RCV000018274.31,19q13.32,NM_000400.4(ERCC2):c.335G>A (p.Arg112His),"Xeroderma pigmentosum, group D (XPD)
                    ","XERODERMA PIGMENTOSUM, COMPLEMENTATION GROUP D; XERODERMA PIGMENTOSUM IV; XP, GROUP D; See all synonyms [MedGen]"
ERCC2,rs121913020,C,T,"non_coding_transcript_variant,missense_variant,coding_sequence_variant","T=0.000042 (11/264690, TOPMED).T=0.000020 (5/251144, GnomAD_exome).T=0.000064 (9/140272, GnomAD)",2,https://www.ncbi.nlm.nih.gov/snp/rs121913020,Pathogenic,RCV000424822.13,19q13.32,NM_000400.4(ERCC2):c.335G>A (p.Arg112His),none provided,MedGen: CN517202
ERCC2,rs121913021,G,A,"genic_downstream_transcript_variant,missense_variant,coding_sequence_variant,non_coding_transcript_variant","A=0.000057 (15/264690, TOPMED).A=0.000028 (7/251270, GnomAD_exome).A=0.000043 (6/140256, GnomAD)",2,https://www.ncbi.nlm.nih.gov/snp/rs121913021,Pathogenic,RCV000018275.28,19q13.32,NM_000400.4(ERCC2):c.1972C>T (p.Arg658Cys),"Trichothiodystrophy 1, photosensitive (TTD1)
                    ","PIBIDS syndrome; Trichothiodystrophy, complementation group A; TAY SYNDROME; See all synonyms [MedGen]"
ERCC2,rs121913021,G,C,"genic_downstream_transcript_variant,missense_variant,coding_sequence_variant,non_coding_transcript_variant","A=0.000057 (15/264690, TOPMED).A=0.000028 (7/251270, GnomAD_exome).A=0.000043 (6/140256, GnomAD)",2,https://www.ncbi.nlm.nih.gov/snp/rs121913021,Likely-Pathogenic,RCV001799560.1,19q13.32,NM_000400.4(ERCC2):c.1972C>G (p.Arg658Gly),"Xeroderma pigmentosum, group D (XPD)
                    ","XERODERMA PIGMENTOSUM, COMPLEMENTATION GROUP D; XERODERMA PIGMENTOSUM IV; XP, GROUP D; See all synonyms [MedGen]"
ERCC2,rs121913022,C,G,"genic_downstream_transcript_variant,missense_variant,coding_sequence_variant,non_coding_transcript_variant","G=0.000011 (3/264690, TOPMED).G=0.000014 (2/140212, GnomAD).G=0.00000 (0/14050, ALFA)",1,https://www.ncbi.nlm.nih.gov/snp/rs121913022,Pathogenic,RCV000018276.29,19q13.32,NM_000400.4(ERCC2):c.2137G>C (p.Gly713Arg),"Trichothiodystrophy 1, photosensitive (TTD1)
                    ",PIBIDS syndrome; TAY SYNDROME; TRICHOTHIODYSTROPHY WITH CONGENITAL ICHTHYOSIS
ERCC2,rs121913023,C,T,"genic_downstream_transcript_variant,missense_variant,coding_sequence_variant,non_coding_transcript_variant","T=0.000026 (7/264690, TOPMED).T=0.000020 (5/251346, GnomAD_exome).T=0.000014 (2/140252, GnomAD)",1,https://www.ncbi.nlm.nih.gov/snp/rs121913023,Pathogenic,RCV000018277.27,19q13.32,NM_000400.4(ERCC2):c.2041G>A (p.Asp681Asn),"Cerebrooculofacioskeletal syndrome 2 (COFS2)
                    ",MONDO: MONDO:0012553; MedGen: C1853102; OMIM: 610756
ERCC2,rs121913024,G,A,"genic_downstream_transcript_variant,missense_variant,coding_sequence_variant,non_coding_transcript_variant","A=0.000060 (16/264690, TOPMED).A=0.000056 (14/250884, GnomAD_exome).A=0.000036 (5/140028, GnomAD)",3,https://www.ncbi.nlm.nih.gov/snp/rs121913024,Pathogenic,RCV000018278.30,19q13.32,NM_000400.4(ERCC2):c.1846C>T (p.Arg616Trp),"Xeroderma pigmentosum, group D (XPD)
                    ","XERODERMA PIGMENTOSUM, COMPLEMENTATION GROUP D; XERODERMA PIGMENTOSUM IV; XP, GROUP D; See all synonyms [MedGen]"
ERCC2,rs121913024,G,A,"genic_downstream_transcript_variant,missense_variant,coding_sequence_variant,non_coding_transcript_variant","A=0.000060 (16/264690, TOPMED).A=0.000056 (14/250884, GnomAD_exome).A=0.000036 (5/140028, GnomAD)",3,https://www.ncbi.nlm.nih.gov/snp/rs121913024,Pathogenic,RCV000171547.5,19q13.32,NM_000400.4(ERCC2):c.1846C>T (p.Arg616Trp),"Cerebrooculofacioskeletal syndrome 2 (COFS2)
                    ",MONDO: MONDO:0012553; MedGen: C1853102; OMIM: 610756
ERCC2,rs121913024,G,A,"genic_downstream_transcript_variant,missense_variant,coding_sequence_variant,non_coding_transcript_variant","A=0.000060 (16/264690, TOPMED).A=0.000056 (14/250884, GnomAD_exome).A=0.000036 (5/140028, GnomAD)",3,https://www.ncbi.nlm.nih.gov/snp/rs121913024,Pathogenic,RCV001582486.8,19q13.32,NM_000400.4(ERCC2):c.1846C>T (p.Arg616Trp),none provided,MedGen: CN517202
ERCC2,rs121913025,A,G,"genic_downstream_transcript_variant,missense_variant,coding_sequence_variant,non_coding_transcript_variant","G=0.000 (0/478, ALFA)",1,https://www.ncbi.nlm.nih.gov/snp/rs121913025,Pathogenic,RCV000018282.28,19q13.32,NM_000400.4(ERCC2):c.1454T>C (p.Leu485Pro),"Xeroderma pigmentosum, group D (XPD)
                    ","XERODERMA PIGMENTOSUM, COMPLEMENTATION GROUP D; XERODERMA PIGMENTOSUM IV; XP, GROUP D; See all synonyms [MedGen]"
ERCC2,rs142936491,G,A,"non_coding_transcript_variant,missense_variant,coding_sequence_variant","A=0.000298 (79/264690, TOPMED).A=0.000610 (153/250944, GnomAD_exome).A=0.000292 (41/140284, GnomAD)",1,https://www.ncbi.nlm.nih.gov/snp/rs142936491,Likely-Pathogenic,RCV001843479.1,19q13.32,NM_000400.4(ERCC2):c.545C>T (p.Ala182Val),Hepatoblastoma,MONDO: MONDO:0018666; MedGen: C0206624; Human Phenotype Ontology: HP:0002884
ERCC2,rs144564120,G,C,"genic_downstream_transcript_variant,missense_variant,coding_sequence_variant,non_coding_transcript_variant","C=0.000314 (79/251244, GnomAD_exome).C=0.000285 (40/140226, GnomAD).C=0.000348 (42/120606, ExAC)",1,https://www.ncbi.nlm.nih.gov/snp/rs144564120,Pathogenic,RCV000255243.12,19q13.32,NM_000400.4(ERCC2):c.2150C>G (p.Ala717Gly),none provided,MedGen: CN517202
ERCC2,rs144564120,G,C,"genic_downstream_transcript_variant,missense_variant,coding_sequence_variant,non_coding_transcript_variant","C=0.000314 (79/251244, GnomAD_exome).C=0.000285 (40/140226, GnomAD).C=0.000348 (42/120606, ExAC)",1,https://www.ncbi.nlm.nih.gov/snp/rs144564120,Likely-Pathogenic,RCV000761018.1,19q13.32,NM_000400.4(ERCC2):c.2150C>G (p.Ala717Gly),"Mixed Phenotype Acute Leukemia, T/Myeloid, Not Otherwise Specified",MedGen: C2826055
ERCC2,rs144564120,G,C,"genic_downstream_transcript_variant,missense_variant,coding_sequence_variant,non_coding_transcript_variant","C=0.000314 (79/251244, GnomAD_exome).C=0.000285 (40/140226, GnomAD).C=0.000348 (42/120606, ExAC)",1,https://www.ncbi.nlm.nih.gov/snp/rs144564120,Pathogenic,RCV000778547.2,19q13.32,NM_000400.4(ERCC2):c.2150C>G (p.Ala717Gly),ERCC2-Related Disorders,MedGen: CN239291
ERCC2,rs144564120,G,C,"genic_downstream_transcript_variant,missense_variant,coding_sequence_variant,non_coding_transcript_variant","C=0.000314 (79/251244, GnomAD_exome).C=0.000285 (40/140226, GnomAD).C=0.000348 (42/120606, ExAC)",1,https://www.ncbi.nlm.nih.gov/snp/rs144564120,Pathogenic,RCV001329855.1,19q13.32,NM_000400.4(ERCC2):c.2150C>G (p.Ala717Gly),"Trichothiodystrophy 1, photosensitive (TTD1)
                    ",PIBIDS syndrome; TAY SYNDROME; TRICHOTHIODYSTROPHY WITH CONGENITAL ICHTHYOSIS
ERCC2,rs199738290,G,A,"coding_sequence_variant,non_coding_transcript_variant,intron_variant,missense_variant,genic_downstream_transcript_variant","A=0.000060 (16/264690, TOPMED).A=0.000044 (11/251430, GnomAD_exome).A=0.000014 (2/140238, GnomAD)",1,https://www.ncbi.nlm.nih.gov/snp/rs199738290,Likely-Pathogenic,RCV001775082.1,19q13.32,NM_000400.4(ERCC2):c.1489C>T (p.Arg497Cys),"Cerebrooculofacioskeletal syndrome 2 (COFS2)
                    ",MONDO: MONDO:0012553; MedGen: C1853102; OMIM: 610756
ERCC2,rs370454709,C,T,"non_coding_transcript_variant,missense_variant,coding_sequence_variant","T=0.000030 (8/264690, TOPMED).T=0.000056 (14/250234, GnomAD_exome).T=0.000043 (6/140256, GnomAD)",10,https://www.ncbi.nlm.nih.gov/snp/rs370454709,Likely-Pathogenic,RCV000435999.3,19q13.32,NM_000400.4(ERCC2):c.776G>A (p.Cys259Tyr),none provided,MedGen: CN517202
ERCC2,rs370454709,C,T,"non_coding_transcript_variant,missense_variant,coding_sequence_variant","T=0.000030 (8/264690, TOPMED).T=0.000056 (14/250234, GnomAD_exome).T=0.000043 (6/140256, GnomAD)",10,https://www.ncbi.nlm.nih.gov/snp/rs370454709,Likely-Pathogenic,RCV002256206.1,19q13.32,NM_000400.4(ERCC2):c.776G>A (p.Cys259Tyr),"Xeroderma pigmentosum (XP)
                    ",Xeroderma pigmentosa
ERCC2,rs376556895,C,G,"coding_sequence_variant,non_coding_transcript_variant,genic_downstream_transcript_variant,missense_variant","G=0.000133 (16/120742, ExAC).G=0.000227 (23/101128, ALFA).G=0.00015 (2/13006, GO-ESP)",6,https://www.ncbi.nlm.nih.gov/snp/rs376556895,Pathogenic,RCV000312948.3,19q13.32,NM_000400.4(ERCC2):c.1847G>C (p.Arg616Pro),"Xeroderma pigmentosum, group D (XPD)
                    ","XERODERMA PIGMENTOSUM, COMPLEMENTATION GROUP D; XERODERMA PIGMENTOSUM IV; XP, GROUP D; See all synonyms [MedGen]"
ERCC2,rs376556895,C,G,"coding_sequence_variant,non_coding_transcript_variant,genic_downstream_transcript_variant,missense_variant","G=0.000133 (16/120742, ExAC).G=0.000227 (23/101128, ALFA).G=0.00015 (2/13006, GO-ESP)",6,https://www.ncbi.nlm.nih.gov/snp/rs376556895,Pathogenic,RCV000489442.13,19q13.32,NM_000400.4(ERCC2):c.1847G>C (p.Arg616Pro),none provided,MedGen: CN517202
ERCC2,rs376556895,C,G,"coding_sequence_variant,non_coding_transcript_variant,genic_downstream_transcript_variant,missense_variant","G=0.000133 (16/120742, ExAC).G=0.000227 (23/101128, ALFA).G=0.00015 (2/13006, GO-ESP)",6,https://www.ncbi.nlm.nih.gov/snp/rs376556895,Pathogenic,RCV000763054.1,19q13.32,NM_000400.4(ERCC2):c.1847G>C (p.Arg616Pro),"Cerebrooculofacioskeletal syndrome 2 (COFS2)
                    ",MONDO: MONDO:0012553; MedGen: C1853102; OMIM: 610756
ERCC2,rs376556895,C,G,"coding_sequence_variant,non_coding_transcript_variant,genic_downstream_transcript_variant,missense_variant","G=0.000133 (16/120742, ExAC).G=0.000227 (23/101128, ALFA).G=0.00015 (2/13006, GO-ESP)",6,https://www.ncbi.nlm.nih.gov/snp/rs376556895,Pathogenic,RCV001195426.5,19q13.32,NM_000400.4(ERCC2):c.1847G>C (p.Arg616Pro),"Xeroderma pigmentosum (XP)
                    ",Xeroderma pigmentosa
ERCC2,rs376556895,C,T,"coding_sequence_variant,non_coding_transcript_variant,genic_downstream_transcript_variant,missense_variant","G=0.000133 (16/120742, ExAC).G=0.000227 (23/101128, ALFA).G=0.00015 (2/13006, GO-ESP)",6,https://www.ncbi.nlm.nih.gov/snp/rs376556895,Pathogenic,RCV001780237.1,19q13.32,NM_000400.4(ERCC2):c.1847G>A (p.Arg616Gln),none provided,MedGen: CN517202
ERCC2,rs376556895,C,T,"coding_sequence_variant,non_coding_transcript_variant,genic_downstream_transcript_variant,missense_variant","G=0.000133 (16/120742, ExAC).G=0.000227 (23/101128, ALFA).G=0.00015 (2/13006, GO-ESP)",6,https://www.ncbi.nlm.nih.gov/snp/rs376556895,Likely-Pathogenic,RCV002256728.1,19q13.32,NM_000400.4(ERCC2):c.1847G>A (p.Arg616Gln),"Xeroderma pigmentosum (XP)
                    ",Xeroderma pigmentosa
ERCC2,rs758439420,C,T,"missense_variant,genic_downstream_transcript_variant,non_coding_transcript_variant,coding_sequence_variant","T=0.000007 (1/140210, GnomAD).A=0.000017 (2/121022, ExAC).A=0.00000 (0/14050, ALFA)",1,https://www.ncbi.nlm.nih.gov/snp/rs758439420,Pathogenic,RCV000248679.3,19q13.32,NM_000400.4(ERCC2):c.2048G>A (p.Arg683Gln),"Xeroderma pigmentosum, group D (XPD)
                    ","XERODERMA PIGMENTOSUM, COMPLEMENTATION GROUP D; XERODERMA PIGMENTOSUM IV; XP, GROUP D; See all synonyms [MedGen]"
ERCC2,rs758439420,C,T,"missense_variant,genic_downstream_transcript_variant,non_coding_transcript_variant,coding_sequence_variant","T=0.000007 (1/140210, GnomAD).A=0.000017 (2/121022, ExAC).A=0.00000 (0/14050, ALFA)",1,https://www.ncbi.nlm.nih.gov/snp/rs758439420,Pathogenic,RCV000812198.7,19q13.32,NM_000400.4(ERCC2):c.2048G>A (p.Arg683Gln),none provided,MedGen: CN517202
ERCC3,rs121913045,A,G,"coding_sequence_variant,missense_variant,intron_variant","G=0.000004 (1/251198, GnomAD_exome).G=0.000 (0/478, ALFA)",4,https://www.ncbi.nlm.nih.gov/snp/rs121913045#publications,Pathogenic,RCV000018051.24,2q14.3,NM_000122.2(ERCC3):c.296T>C (p.Phe99Ser),Xeroderma pigmentosum group B,"XP, GROUP B; XPB/CS; XERODERMA PIGMENTOSUM B/COCKAYNE SYNDROME; See all synonyms [MedGen]"
ERCC3,rs121913046,T,G,"coding_sequence_variant,missense_variant,intron_variant",None,1,https://www.ncbi.nlm.nih.gov/snp/rs121913046,Pathogenic,RCV000018052.28,2q14.3,NM_000122.2(ERCC3):c.355A>C (p.Thr119Pro),"Trichothiodystrophy 2, photosensitive (TTD2)
                    ",MONDO: MONDO:0014615; MedGen: C4225344; Orphanet: 33364; OMIM: 616390
ERCC3,rs121913047,G,A,"coding_sequence_variant,synonymous_variant,missense_variant,stop_gained","A=0.000016 (2/121394, ExAC).A=0.00000 (0/14526, ALFA).C=0.00000 (0/14526, ALFA)",1,https://www.ncbi.nlm.nih.gov/snp/rs121913047,Pathogenic,RCV000018053.28,2q14.3,NM_000122.2(ERCC3):c.1273C>T (p.Arg425Ter),Xeroderma pigmentosum group B,"XP, GROUP B; XPB/CS; XERODERMA PIGMENTOSUM B/COCKAYNE SYNDROME; See all synonyms [MedGen]"
ERCC3,rs121913047,G,A,"coding_sequence_variant,synonymous_variant,missense_variant,stop_gained","A=0.000016 (2/121394, ExAC).A=0.00000 (0/14526, ALFA).C=0.00000 (0/14526, ALFA)",1,https://www.ncbi.nlm.nih.gov/snp/rs121913047,Pathogenic,RCV001851900.2,2q14.3,NM_000122.2(ERCC3):c.1273C>T (p.Arg425Ter),none provided,MedGen: CN517202
