Gene,rsId,Ref,Alt,Effect,Alleles Frequency,Number of citation,Publications,Clinical Significant,Cytogenetic location,Variant name,Disease name (ClinVar Accession)
ABRAXAS1,rs587780262,-,dupC,"downstream_transcript_variant,coding_sequence_variant,genic_downstream_transcript_variant,500B_downstream_variant,frameshift_variant","dupC=0.000038 (10/264690, TOPMED).dupC=0.000091 (23/251388, GnomAD_exome).dupC=0.000057 (8/140282, GnomAD)",non citation,,Pathogenic,4q21.23,NM_139076.3(ABRAXAS1):c.1106dup (p.Ser370fs),Hereditary cancer-predisposing syndrome (RCV000116184.5)
ABRAXAS1,rs1553938364,AGCACAAAGCCCGAGAGCACCG,delAGCACAAAGCCCGAGAGCACCG,"non_coding_transcript_variant,5_prime_UTR_variant,coding_sequence_variant,frameshift_variant",,non citation,,Likely-Pathogenic,4q21.23,NM_139076.3(ABRAXAS1):c.26_47del (p.Val9fs),Hereditary breast ovarian cancer syndrome (RCV000589781.1)
AIP,rs104894190,G,A,"coding_sequence_variant,3_prime_UTR_variant,missense_variant","A=0.001073 (284/264690, TOPMED).A=0.001654 (409/247298, GnomAD_exome).A=0.001155 (162/140292, GnomAD)",6,https://www.ncbi.nlm.nih.gov/snp/rs104894190,Pathogenic,11q13.2,NM_003977.4(AIP):c.911G>A (p.Arg304Gln),Pituitary dependent hypercortisolism (PITA4) (RCV000005171.3)
AIP,rs104894195,C,T,"coding_sequence_variant,3_prime_UTR_variant,stop_gained,missense_variant","T=0.000008 (2/264690, TOPMED).T=0.000014 (2/140162, GnomAD).T=0.00007 (2/28258, 14KJPN)",5,https://www.ncbi.nlm.nih.gov/snp/rs104894195,Pathogenic,11q13.2,NM_003977.4(AIP):c.910C>T (p.Arg304Ter),Somatotroph adenoma (PITA1) (RCV000005166.5)
AIP,rs104894195,C,T,"coding_sequence_variant,3_prime_UTR_variant,stop_gained,missense_variant","T=0.000008 (2/264690, TOPMED).T=0.000014 (2/140162, GnomAD).T=0.00007 (2/28258, 14KJPN)",5,https://www.ncbi.nlm.nih.gov/snp/rs104894195,Pathogenic,11q13.2,NM_003977.4(AIP):c.910C>T (p.Arg304Ter),Hereditary cancer-predisposing syndrome (RCV001018873.1)
AIP,rs104894195,C,T,"coding_sequence_variant,3_prime_UTR_variant,stop_gained,missense_variant","T=0.000008 (2/264690, TOPMED).T=0.000014 (2/140162, GnomAD).T=0.00007 (2/28258, 14KJPN)",5,https://www.ncbi.nlm.nih.gov/snp/rs104894195,Pathogenic,11q13.2,NM_003977.4(AIP):c.910C>T (p.Arg304Ter),none provided (RCV001213277.12)
AIP,rs104895072,G,T,"coding_sequence_variant,synonymous_variant",,1,https://www.ncbi.nlm.nih.gov/snp/rs104895072,Likely-Pathogenic,11q13.2,NM_003977.4(AIP):c.249G>T (p.Gly83=),Somatotroph adenoma (PITA1) (RCV000034068.3)
AIP,rs121908356,C,A,"500B_downstream_variant,downstream_transcript_variant,stop_gained,missense_variant,synonymous_variant,coding_sequence_variant","A=0.000 (0/658, ALFA)",2,https://www.ncbi.nlm.nih.gov/snp/rs121908356,Pathogenic,11q13.2,NM_003977.4(AIP):c.804C>A (p.Tyr268Ter),Pituitary adenoma predisposition (PAP) (RCV000005170.4)
AIP,rs121908356,C,A,"500B_downstream_variant,downstream_transcript_variant,stop_gained,missense_variant,synonymous_variant,coding_sequence_variant","A=0.000 (0/658, ALFA)",2,https://www.ncbi.nlm.nih.gov/snp/rs121908356,Likely-Pathogenic,11q13.2,NM_003977.4(AIP):c.804C>A (p.Tyr268Ter),Somatotroph adenoma (PITA1) (RCV000034106.3)
AIP,rs121908357,C,T,"upstream_transcript_variant,stop_gained,genic_upstream_transcript_variant,synonymous_variant,coding_sequence_variant","A=0.000008 (2/264690, TOPMED).A=0.000021 (3/140254, GnomAD).T=0.00000 (0/78702, PAGE_STUDY)",2,https://www.ncbi.nlm.nih.gov/snp/rs121908357,Pathogenic-Likely-Pathogenic,11q13.2,NM_003977.4(AIP):c.64C>T (p.Arg22Ter),Somatotroph adenoma (PITA1) (RCV000005172.8)
AIP,rs267606537,GCACCGTGCTGGACGACAGCCGGG,delGCACCGTGCTGGACGACAGCCGGG,"inframe_deletion,5_prime_UTR_variant,coding_sequence_variant","delGCACCGTGCTGGACGACAGCCGGG=0.000004 (1/251330, GnomAD_exome).delGCACCGTGCTGGACGACAGCCGGG=0.0001 (1/8988, ALFA)",1,https://www.ncbi.nlm.nih.gov/snp/rs267606537,Likely-Pathogenic,11q13.2,NM_003977.4(AIP):c.140_163del (p.Gly47_Arg54del),Somatotroph adenoma (PITA1) (RCV000034062.3)
AIP,rs267606538,C,A,"missense_variant,5_prime_UTR_variant,coding_sequence_variant","T=0.000015 (4/264690, TOPMED).T=0.000020 (5/251360, GnomAD_exome).T=0.000014 (2/140258, GnomAD)",1,https://www.ncbi.nlm.nih.gov/snp/rs267606538,Likely-Pathogenic,11q13.2,NM_003977.4(AIP):c.166C>A (p.Arg56Ser),Somatotroph adenoma (PITA1) (RCV000034064.3)
AIP,rs267606541,C,T,"synonymous_variant,stop_gained,coding_sequence_variant","T=0.00000 (0/78700, PAGE_STUDY).T=0.00003 (1/32722, ALFA)",1,https://www.ncbi.nlm.nih.gov/snp/rs267606541,Pathogenic,11q13.2,NM_003977.4(AIP):c.241C>T (p.Arg81Ter),Somatotroph adenoma (PITA1) (RCV000034066.3)
AIP,rs267606541,C,T,"synonymous_variant,stop_gained,coding_sequence_variant","T=0.00000 (0/78700, PAGE_STUDY).T=0.00003 (1/32722, ALFA)",1,https://www.ncbi.nlm.nih.gov/snp/rs267606541,Pathogenic,11q13.2,NM_003977.4(AIP):c.241C>T (p.Arg81Ter),none provided (RCV001852689.1)
AIP,rs267606543,G,A,"missense_variant,coding_sequence_variant",,1,https://www.ncbi.nlm.nih.gov/snp/rs267606543,Likely-Pathogenic,11q13.2,NM_003977.4(AIP):c.250G>A (p.Glu84Lys),Somatotroph adenoma (PITA1) (RCV000034069.3)
AIP,rs267606546,T,C,"missense_variant,initiator_codon_variant,genic_upstream_transcript_variant,upstream_transcript_variant",,1,https://www.ncbi.nlm.nih.gov/snp/rs267606546,Likely-Pathogenic,11q13.2,NM_003977.4(AIP):c.2T>C (p.Met1Thr),Somatotroph adenoma (PITA1) (RCV000034072.3)
AIP,rs267606548,A,G,"missense_variant,upstream_transcript_variant,2KB_upstream_variant,coding_sequence_variant","G=0.000004 (1/247876, GnomAD_exome)",1,https://www.ncbi.nlm.nih.gov/snp/rs267606548,Likely-Pathogenic,11q13.2,NM_003977.4(AIP):c.308A>G (p.Lys103Arg),Somatotroph adenoma (PITA1) (RCV000034073.3)
AIP,rs267606560,C,T,"missense_variant,stop_gained,2KB_upstream_variant,upstream_transcript_variant,coding_sequence_variant","A=0.000004 (1/264690, TOPMED).A=0.000008 (2/249558, GnomAD_exome).A=0.000018 (2/114132, ExAC)",1,https://www.ncbi.nlm.nih.gov/snp/rs267606560,Likely-Pathogenic,11q13.2,NM_003977.4(AIP):c.550C>T (p.Gln184Ter),Somatotroph adenoma (PITA1) (RCV000034087.3)
AIP,rs267606561,,,,,,,,,,nan (nan)
AIP,rs267606565,,,,,,,,,,nan (nan)
AIP,rs267606567,,,,,,,,,,nan (nan)
AIP,rs267606568,,,,,,,,,,nan (nan)
AIP,rs267606569,,,,,,,,,,nan (nan)
AIP,rs267606573,,,,,,,,,,nan (nan)
AIP,rs267606574,,,,,,,,,,nan (nan)
AIP,rs267606575,,,,,,,,,,nan (nan)
AIP,rs267606577,,,,,,,,,,nan (nan)
AIP,rs267606578,,,,,,,,,,nan (nan)
AIP,rs267606579,,,,,,,,,,nan (nan)
AIP,rs267606581,,,,,,,,,,nan (nan)
AIP,rs267606583,,,,,,,,,,nan (nan)
AIP,rs267606585,,,,,,,,,,nan (nan)
AIP,rs886037871,,,,,,,,,,nan (nan)
ALK,rs1670283,T,C,"missense_variant,genic_downstream_transcript_variant,coding_sequence_variant","T=0.001375 (390/283610, ALFA).T=0.009895 (2619/264690, TOPMED).T=0.002446 (613/250608, GnomAD_exome)",3,https://www.ncbi.nlm.nih.gov/snp/rs1670283#publications,Likely-Pathogenic,2p23.2,NM_004304.5(ALK):c.4381A>G (p.Ile1461Val),Squamous cell lung carcinoma (RCV001250949.1)
ALK,rs1881420,T,C,"missense_variant,genic_downstream_transcript_variant,coding_sequence_variant","C=0.242096 (77720/321030, ALFA).C=0.290525 (76899/264690, TOPMED).C=0.343650 (86397/251410, GnomAD_exome)",3,https://www.ncbi.nlm.nih.gov/snp/rs1881420,Likely-Pathogenic,2p23.2,NM_004304.5(ALK):c.4472A>G (p.Lys1491Arg),Squamous cell lung carcinoma (RCV001250936.1)
ALK,rs1881421,G,C,"missense_variant,genic_downstream_transcript_variant,coding_sequence_variant","C=0.489531 (129574/264690, TOPMED).C=0.468493 (117649/251122, GnomAD_exome).C=0.475033 (66496/139982, GnomAD)",4,https://www.ncbi.nlm.nih.gov/snp/rs1881421,Likely-Pathogenic,2p23.2,NM_004304.5(ALK):c.4587C>G (p.Asp1529Glu),Squamous cell lung carcinoma (RCV001250937.1)
ALK,rs113994087,C,A,"missense_variant,coding_sequence_variant,genic_downstream_transcript_variant","T=0.000 (0/478, ALFA)",10,https://www.ncbi.nlm.nih.gov/snp/rs113994087,Likely-Pathogenic,2p23.2,NM_004304.5(ALK):c.3824G>T (p.Arg1275Leu),Breast neoplasm (RCV000418856.1)
ALK,rs113994087,C,A,"missense_variant,coding_sequence_variant,genic_downstream_transcript_variant","T=0.000 (0/478, ALFA)",10,https://www.ncbi.nlm.nih.gov/snp/rs113994087,Likely-Pathogenic,2p23.2,NM_004304.5(ALK):c.3824G>T (p.Arg1275Leu),Neuroblastoma (NB) (RCV000436534.1)
ALK,rs113994087,C,T,"missense_variant,coding_sequence_variant,genic_downstream_transcript_variant","T=0.000 (0/478, ALFA)",10,https://www.ncbi.nlm.nih.gov/snp/rs113994087,Pathogenic,2p23.2,NM_004304.5(ALK):c.3824G>A (p.Arg1275Gln),"Neuroblastoma, susceptibility to, 3 (RCV000019709.11)"
ALK,rs113994087,C,T,"missense_variant,coding_sequence_variant,genic_downstream_transcript_variant","T=0.000 (0/478, ALFA)",10,https://www.ncbi.nlm.nih.gov/snp/rs113994087,Likely-Pathogenic,2p23.2,NM_004304.5(ALK):c.3824G>A (p.Arg1275Gln),Breast neoplasm (RCV000423720.1)
ALK,rs113994087,C,T,"missense_variant,coding_sequence_variant,genic_downstream_transcript_variant","T=0.000 (0/478, ALFA)",10,https://www.ncbi.nlm.nih.gov/snp/rs113994087,Pathogenic,2p23.2,NM_004304.5(ALK):c.3824G>A (p.Arg1275Gln),Neuroblastoma (NB) (RCV000432041.1)
ALK,rs113994087,C,T,"missense_variant,coding_sequence_variant,genic_downstream_transcript_variant","T=0.000 (0/478, ALFA)",10,https://www.ncbi.nlm.nih.gov/snp/rs113994087,Likely-Pathogenic,2p23.2,NM_004304.5(ALK):c.3824G>A (p.Arg1275Gln),Neoplasm of brain (RCV000440978.1)
ALK,rs113994087,C,T,"missense_variant,coding_sequence_variant,genic_downstream_transcript_variant","T=0.000 (0/478, ALFA)",10,https://www.ncbi.nlm.nih.gov/snp/rs113994087,Pathogenic,2p23.2,NM_004304.5(ALK):c.3824G>A (p.Arg1275Gln),none provided (RCV001268655.1)
ALK,rs113994088,C,G,"missense_variant,coding_sequence_variant,genic_downstream_transcript_variant","G=0.00000 (0/78696, PAGE_STUDY)",3,https://www.ncbi.nlm.nih.gov/snp/rs113994088,Likely-Pathogenic,2p23.2,NM_004304.5(ALK):c.3383G>C (p.Gly1128Ala),Neoplasm of brain (RCV000421391.1)
ALK,rs113994088,C,G,"missense_variant,coding_sequence_variant,genic_downstream_transcript_variant","G=0.00000 (0/78696, PAGE_STUDY)",3,https://www.ncbi.nlm.nih.gov/snp/rs113994088,Likely-Pathogenic,2p23.2,NM_004304.5(ALK):c.3383G>C (p.Gly1128Ala),Neuroblastoma (NB) (RCV000438595.1)
ALK,rs113994089,C,G,"missense_variant,coding_sequence_variant,genic_downstream_transcript_variant","T=0.000004 (1/264690, TOPMED).T=0.000007 (1/140234, GnomAD).G=0.00001 (1/78692, PAGE_STUDY)",5,https://www.ncbi.nlm.nih.gov/snp/rs113994089,Pathogenic,2p23.2,NM_004304.5(ALK):c.3575G>C (p.Arg1192Pro),"Neuroblastoma, susceptibility to, 3 (RCV000019711.9)"
ALK,rs113994089,C,G,"missense_variant,coding_sequence_variant,genic_downstream_transcript_variant","T=0.000004 (1/264690, TOPMED).T=0.000007 (1/140234, GnomAD).G=0.00001 (1/78692, PAGE_STUDY)",5,https://www.ncbi.nlm.nih.gov/snp/rs113994089,Likely-Pathogenic,2p23.2,NM_004304.5(ALK):c.3575G>C (p.Arg1192Pro),Neoplasm of brain (RCV000422453.1)
ALK,rs113994089,C,G,"missense_variant,coding_sequence_variant,genic_downstream_transcript_variant","T=0.000004 (1/264690, TOPMED).T=0.000007 (1/140234, GnomAD).G=0.00001 (1/78692, PAGE_STUDY)",5,https://www.ncbi.nlm.nih.gov/snp/rs113994089,Likely-Pathogenic,2p23.2,NM_004304.5(ALK):c.3575G>C (p.Arg1192Pro),Neuroblastoma (NB) (RCV000427890.1)
ALK,rs113994091,G,A,"missense_variant,coding_sequence_variant,genic_downstream_transcript_variant","A=0.000015 (4/264690, TOPMED).A=0.000032 (8/251346, GnomAD_exome).A=0.000043 (6/140186, GnomAD)",4,https://www.ncbi.nlm.nih.gov/snp/rs113994091,Pathogenic,2p23.2,NM_004304.5(ALK):c.3452C>T (p.Thr1151Met),Neuroblastoma (NB) (RCV000439097.1)
ALK,rs113994092,A,G,"missense_variant,coding_sequence_variant,genic_downstream_transcript_variant","G=0.000004 (1/264690, TOPMED).G=0.000008 (2/251336, GnomAD_exome).G=0.000007 (1/140252, GnomAD)",2,https://www.ncbi.nlm.nih.gov/snp/rs113994092,Likely-Pathogenic,2p23.2,NM_004304.5(ALK):c.3749T>C (p.Ile1250Thr),Neuroblastoma (NB) (RCV000440760.2)
ALK,rs281864719,A,C,"coding_sequence_variant,missense_variant,genic_downstream_transcript_variant","C=0.002 (1/478, ALFA)",8,https://www.ncbi.nlm.nih.gov/snp/rs281864719,Pathogenic,2p23.2,NM_004304.5(ALK):c.3520T>G (p.Phe1174Val),"Neuroblastoma, susceptibility to, 3 (RCV000055894.4)"
ALK,rs281864719,A,C,"coding_sequence_variant,missense_variant,genic_downstream_transcript_variant","C=0.002 (1/478, ALFA)",8,https://www.ncbi.nlm.nih.gov/snp/rs281864719,Pathogenic,2p23.2,NM_004304.5(ALK):c.3520T>G (p.Phe1174Val),Neuroblastoma (NB) (RCV000434983.1)
ALK,rs281864719,A,G,"coding_sequence_variant,missense_variant,genic_downstream_transcript_variant","C=0.002 (1/478, ALFA)",8,https://www.ncbi.nlm.nih.gov/snp/rs281864719,Pathogenic,2p23.2,NM_004304.5(ALK):c.3520T>C (p.Phe1174Leu),"Neuroblastoma, susceptibility to, 3 (RCV000201883.1)"
ALK,rs281864719,A,G,"coding_sequence_variant,missense_variant,genic_downstream_transcript_variant","C=0.002 (1/478, ALFA)",8,https://www.ncbi.nlm.nih.gov/snp/rs281864719,Likely-Pathogenic,2p23.2,NM_004304.5(ALK):c.3520T>C (p.Phe1174Leu),Neuroblastoma (NB) (RCV000421904.1)
ALK,rs281864719,A,T,"coding_sequence_variant,missense_variant,genic_downstream_transcript_variant","C=0.002 (1/478, ALFA)",8,https://www.ncbi.nlm.nih.gov/snp/rs281864719,Pathogenic,2p23.2,NM_004304.5(ALK):c.3520T>A (p.Phe1174Ile),"Neuroblastoma, susceptibility to, 3 (RCV000201918.1)"
ALK,rs281864719,A,T,"coding_sequence_variant,missense_variant,genic_downstream_transcript_variant","C=0.002 (1/478, ALFA)",8,https://www.ncbi.nlm.nih.gov/snp/rs281864719,Pathogenic,2p23.2,NM_004304.5(ALK):c.3520T>A (p.Phe1174Ile),Neuroblastoma (NB) (RCV000417766.1)
ALK,rs281864720,A,C,"coding_sequence_variant,missense_variant,genic_downstream_transcript_variant","C=0.002 (1/478, ALFA)",5,https://www.ncbi.nlm.nih.gov/snp/rs281864720,Pathogenic,2p23.2,NM_004304.5(ALK):c.3733T>G (p.Phe1245Val),Neuroblastoma (NB) (RCV000426209.1)
ALK,rs281864720,A,G,"coding_sequence_variant,missense_variant,genic_downstream_transcript_variant","C=0.002 (1/478, ALFA)",5,https://www.ncbi.nlm.nih.gov/snp/rs281864720,Likely-Pathogenic,2p23.2,NM_004304.5(ALK):c.3733T>C (p.Phe1245Leu),Neuroblastoma (NB) (RCV000432633.1)
ALK,rs281864720,A,T,"coding_sequence_variant,missense_variant,genic_downstream_transcript_variant","C=0.002 (1/478, ALFA)",5,https://www.ncbi.nlm.nih.gov/snp/rs281864720,Pathogenic,2p23.2,NM_004304.5(ALK):c.3733T>A (p.Phe1245Ile),"Neuroblastoma, susceptibility to, 3 (RCV000201924.1)"
ALK,rs281864720,A,T,"coding_sequence_variant,missense_variant,genic_downstream_transcript_variant","C=0.002 (1/478, ALFA)",5,https://www.ncbi.nlm.nih.gov/snp/rs281864720,Likely-Pathogenic,2p23.2,NM_004304.5(ALK):c.3733T>A (p.Phe1245Ile),Neuroblastoma (NB) (RCV000439786.1)
ALK,rs863225281,G,C,"synonymous_variant,missense_variant,coding_sequence_variant,genic_downstream_transcript_variant",,9,https://www.ncbi.nlm.nih.gov/snp/rs863225281,Pathogenic,2p23.2,NM_004304.5(ALK):c.3522C>G (p.Phe1174Leu),"Neuroblastoma, susceptibility to, 3 (RCV000201904.1)"
ALK,rs863225281,G,C,"synonymous_variant,missense_variant,coding_sequence_variant,genic_downstream_transcript_variant",,9,https://www.ncbi.nlm.nih.gov/snp/rs863225281,Likely-Pathogenic,2p23.2,NM_004304.5(ALK):c.3522C>G (p.Phe1174Leu),Neuroblastoma (NB) (RCV000427324.1)
ALK,rs863225281,G,C,"synonymous_variant,missense_variant,coding_sequence_variant,genic_downstream_transcript_variant",,9,https://www.ncbi.nlm.nih.gov/snp/rs863225281,Likely-Pathogenic,2p23.2,NM_004304.5(ALK):c.3522C>G (p.Phe1174Leu),Lung adenocarcinoma (RCV000442440.1)
ALK,rs863225281,G,T,"synonymous_variant,missense_variant,coding_sequence_variant,genic_downstream_transcript_variant",,9,https://www.ncbi.nlm.nih.gov/snp/rs863225281,Pathogenic,2p23.2,NM_004304.5(ALK):c.3522C>A (p.Phe1174Leu),"Neuroblastoma, susceptibility to, 3 (RCV000201882.1)"
ALK,rs863225281,G,T,"synonymous_variant,missense_variant,coding_sequence_variant,genic_downstream_transcript_variant",,9,https://www.ncbi.nlm.nih.gov/snp/rs863225281,Likely-Pathogenic,2p23.2,NM_004304.5(ALK):c.3522C>A (p.Phe1174Leu),Lung adenocarcinoma (RCV000426846.1)
ALK,rs863225281,G,T,"synonymous_variant,missense_variant,coding_sequence_variant,genic_downstream_transcript_variant",,9,https://www.ncbi.nlm.nih.gov/snp/rs863225281,Pathogenic,2p23.2,NM_004304.5(ALK):c.3522C>A (p.Phe1174Leu),Neuroblastoma (NB) (RCV000444781.1)
ALK,rs863225283,A,C,"missense_variant,coding_sequence_variant,genic_downstream_transcript_variant",,2,https://www.ncbi.nlm.nih.gov/snp/rs863225283,Pathogenic,2p23.2,NM_004304.5(ALK):c.3734T>G (p.Phe1245Cys),"Neuroblastoma, susceptibility to, 3 (RCV000201887.1)"
ALK,rs863225283,A,C,"missense_variant,coding_sequence_variant,genic_downstream_transcript_variant",,2,https://www.ncbi.nlm.nih.gov/snp/rs863225283,Pathogenic,2p23.2,NM_004304.5(ALK):c.3734T>G (p.Phe1245Cys),Neuroblastoma (NB) (RCV000444691.1)
ALK,rs863225284,G,C,"synonymous_variant,missense_variant,coding_sequence_variant,genic_downstream_transcript_variant",,2,https://www.ncbi.nlm.nih.gov/snp/rs863225284,Pathogenic,2p23.2,NM_004304.5(ALK):c.3735C>G (p.Phe1245Leu),Neuroblastoma (NB) (RCV000434421.1)
ALK,rs863225284,G,T,"synonymous_variant,missense_variant,coding_sequence_variant,genic_downstream_transcript_variant",,2,https://www.ncbi.nlm.nih.gov/snp/rs863225284,Pathogenic,2p23.2,NM_004304.5(ALK):c.3735C>A (p.Phe1245Leu),"Neuroblastoma, susceptibility to, 3 (RCV000201908.1)"
ALK,rs863225285,T,G,"missense_variant,coding_sequence_variant,genic_downstream_transcript_variant",,3,https://www.ncbi.nlm.nih.gov/snp/rs863225285,Pathogenic,2p23.2,NM_004304.5(ALK):c.3833A>C (p.Tyr1278Ser),"Neuroblastoma, susceptibility to, 3 (RCV000201889.1)"
ALK,rs863225285,T,G,"missense_variant,coding_sequence_variant,genic_downstream_transcript_variant",,3,https://www.ncbi.nlm.nih.gov/snp/rs863225285,Pathogenic,2p23.2,NM_004304.5(ALK):c.3833A>C (p.Tyr1278Ser),Neuroblastoma (NB) (RCV000421376.1)
ALK,rs864309584,C,T,"missense_variant,coding_sequence_variant,genic_downstream_transcript_variant","T=0.000011 (3/264690, TOPMED).T=0.000007 (1/140240, GnomAD).T=0.00005 (2/36480, ALFA)",2,https://www.ncbi.nlm.nih.gov/snp/rs864309584,Pathogenic,2p23.2,NM_004304.5(ALK):c.3271G>A (p.Asp1091Asn),Neuroblastoma (NB) (RCV000420164.1)
ALK,rs1057519696,C,T,"genic_downstream_transcript_variant,coding_sequence_variant,missense_variant",,1,https://www.ncbi.nlm.nih.gov/snp/rs1057519696,Pathogenic,2p23.2,NM_004304.5(ALK):c.3673G>A (p.Asp1225Asn),Rhabdomyosarcoma (RCV000433441.1)
ALK,rs1057519697,A,C,"genic_downstream_transcript_variant,coding_sequence_variant,missense_variant",,4,https://www.ncbi.nlm.nih.gov/snp/rs1057519697,Pathogenic,2p23.2,NM_004304.5(ALK):c.3521T>G (p.Phe1174Cys),Neuroblastoma (NB) (RCV000425764.1)
ALK,rs1057519698,A,G,"genic_downstream_transcript_variant,coding_sequence_variant,missense_variant",,3,https://www.ncbi.nlm.nih.gov/snp/rs1057519698,Pathogenic,2p23.2,NM_004304.5(ALK):c.3512T>C (p.Ile1171Thr),Neuroblastoma (NB) (RCV000656371.1)
ALK,rs1057519698,A,T,"genic_downstream_transcript_variant,coding_sequence_variant,missense_variant",,3,https://www.ncbi.nlm.nih.gov/snp/rs1057519698,Pathogenic,2p23.2,NM_004304.5(ALK):c.3512T>A (p.Ile1171Asn),Neuroblastoma (NB) (RCV000428427.1)
ALK,rs1057519781,C,G,"genic_downstream_transcript_variant,coding_sequence_variant,missense_variant",,4,https://www.ncbi.nlm.nih.gov/snp/rs1057519781,Likely-Pathogenic,2p23.2,NM_004304.5(ALK):c.3806G>C (p.Gly1269Ala),Lung adenocarcinoma (RCV000423107.1)
ALK,rs1057519782,G,T,"genic_downstream_transcript_variant,coding_sequence_variant,missense_variant",,2,https://www.ncbi.nlm.nih.gov/snp/rs1057519782,Likely-Pathogenic,2p23.2,NM_004304.5(ALK):c.3617C>A (p.Ser1206Tyr),Lung adenocarcinoma (RCV000422435.1)
ALK,rs1057519783,C,T,"stop_gained,genic_downstream_transcript_variant,coding_sequence_variant,missense_variant",,1,https://www.ncbi.nlm.nih.gov/snp/rs1057519783,Likely-Pathogenic,2p23.2,NM_004304.5(ALK):c.3604G>A (p.Gly1202Arg),Lung adenocarcinoma (RCV000432713.1)
ALK,rs1057519784,G,T,"genic_downstream_transcript_variant,coding_sequence_variant,synonymous_variant,missense_variant","A=0.00004 (1/28258, 14KJPN)",5,https://www.ncbi.nlm.nih.gov/snp/rs1057519784,Likely-Pathogenic,2p23.2,NM_004304.5(ALK):c.3586C>A (p.Leu1196Met),Lung adenocarcinoma (RCV000424376.1)
ALK,rs1057519785,A,C,"genic_downstream_transcript_variant,coding_sequence_variant,missense_variant",,2,https://www.ncbi.nlm.nih.gov/snp/rs1057519785,Likely-Pathogenic,2p23.2,NM_004304.5(ALK):c.3455T>G (p.Leu1152Arg),Lung adenocarcinoma (RCV000437564.1)
ALK,rs1057520019,A,C,"genic_downstream_transcript_variant,coding_sequence_variant,missense_variant","G=0.000004 (1/264690, TOPMED).G=0.000007 (1/140196, GnomAD).G=0.00000 (0/14050, ALFA)",1,https://www.ncbi.nlm.nih.gov/snp/rs1057520019,Likely-Pathogenic,2p23.2,NM_004304.5(ALK):c.3497T>G (p.Met1166Arg),Neuroblastoma (NB) (RCV000422585.1)
ANKRD26,rs863223318,C,T,5_prime_UTR_variant,,3,https://www.ncbi.nlm.nih.gov/snp/rs863223318#publications,Likely-Pathogenic,10p12.1,NM_014915.3(ANKRD26):c.-134G>A,Thrombocytopenia 2 (THC2) (RCV000023838.3)
ANKRD26,rs863223318,C,T,5_prime_UTR_variant,,3,https://www.ncbi.nlm.nih.gov/snp/rs863223318#publications,Likely-Pathogenic,10p12.1,NM_014915.3(ANKRD26):c.-134G>A,Thrombocytopenia (RCV000851622.1)
ANKRD26,rs863223318,C,T,5_prime_UTR_variant,,3,https://www.ncbi.nlm.nih.gov/snp/rs863223318#publications,Pathogenic,10p12.1,NM_014915.3(ANKRD26):c.-134G>A,none provided (RCV002262573.1)
APC,rs1801155,T,A,"missense_variant,coding_sequence_variant","A=0.001364 (361/264690, TOPMED).A=0.002008 (504/251040, GnomAD_exome).A=0.001156 (162/140126, GnomAD)",32,https://www.ncbi.nlm.nih.gov/snp/rs1801155#publications,Risk-Factor,5q22.2,NM_000038.6(APC):c.3920T>A (p.Ile1307Lys),"Adenomatous polyposis coli, susceptibility to (RCV000000864.4)"
APC,rs1801155,T,A,"missense_variant,coding_sequence_variant","A=0.001364 (361/264690, TOPMED).A=0.002008 (504/251040, GnomAD_exome).A=0.001156 (162/140126, GnomAD)",32,https://www.ncbi.nlm.nih.gov/snp/rs1801155#publications,Risk-Factor,5q22.2,NM_000038.6(APC):c.3920T>A (p.Ile1307Lys),"Breast cancer, susceptibility to (RCV000000865.4)"
APC,rs1801155,T,A,"missense_variant,coding_sequence_variant","A=0.001364 (361/264690, TOPMED).A=0.002008 (504/251040, GnomAD_exome).A=0.001156 (162/140126, GnomAD)",32,https://www.ncbi.nlm.nih.gov/snp/rs1801155#publications,Risk-Factor,5q22.2,NM_000038.6(APC):c.3920T>A (p.Ile1307Lys),"Colorectal cancer, susceptibility to (RCV000210085.2)"
APC,rs1801155,T,A,"missense_variant,coding_sequence_variant","A=0.001364 (361/264690, TOPMED).A=0.002008 (504/251040, GnomAD_exome).A=0.001156 (162/140126, GnomAD)",32,https://www.ncbi.nlm.nih.gov/snp/rs1801155#publications,Risk-Factor,5q22.2,NM_000038.6(APC):c.3920T>A (p.Ile1307Lys),Carcinoma of colon (CRC) (RCV000722046.1)
APC,rs2229992,T,G,"synonymous_variant,stop_gained,coding_sequence_variant","C=0.482988 (127842/264690, TOPMED).T=0.415634 (104340/251038, GnomAD_exome).C=0.467916 (65511/140006, GnomAD)",19,https://www.ncbi.nlm.nih.gov/snp/rs2229992,Pathogenic,5q22.2,NM_000038.6(APC):c.1458T>G (p.Tyr486Ter),Familial adenomatous polyposis 1 (FAP1) (RCV000000868.6)
APC,rs2229992,T,G,"synonymous_variant,stop_gained,coding_sequence_variant","C=0.482988 (127842/264690, TOPMED).T=0.415634 (104340/251038, GnomAD_exome).C=0.467916 (65511/140006, GnomAD)",19,https://www.ncbi.nlm.nih.gov/snp/rs2229992,Pathogenic,5q22.2,NM_000038.6(APC):c.1458T>G (p.Tyr486Ter),Familial adenomatous polyposis 1 (FAP1) (RCV002227980.3)
APC,rs28933379,G,A,"missense_variant,coding_sequence_variant",,1,https://www.ncbi.nlm.nih.gov/snp/rs28933379,Pathogenic,5q22.2,NM_000038.6(APC):c.3359G>A (p.Gly1120Glu),Gastric cancer (RCV000000839.4)
APC,rs62619935,C,T,"5_prime_UTR_variant,synonymous_variant,stop_gained,coding_sequence_variant,missense_variant,intron_variant","T=0.000004 (1/264690, TOPMED).T=0.000004 (1/250150, GnomAD_exome).T=0.000007 (1/139862, GnomAD)",10,https://www.ncbi.nlm.nih.gov/snp/rs62619935,Pathogenic,5q22.2,NM_000038.6(APC):c.646C>T (p.Arg216Ter),none provided (RCV000115111.12)
APC,rs62619935,C,T,"5_prime_UTR_variant,synonymous_variant,stop_gained,coding_sequence_variant,missense_variant,intron_variant","T=0.000004 (1/264690, TOPMED).T=0.000004 (1/250150, GnomAD_exome).T=0.000007 (1/139862, GnomAD)",10,https://www.ncbi.nlm.nih.gov/snp/rs62619935,Pathogenic,5q22.2,NM_000038.6(APC):c.646C>T (p.Arg216Ter),Hereditary cancer-predisposing syndrome (RCV000223521.3)
APC,rs62619935,C,T,"5_prime_UTR_variant,synonymous_variant,stop_gained,coding_sequence_variant,missense_variant,intron_variant","T=0.000004 (1/264690, TOPMED).T=0.000004 (1/250150, GnomAD_exome).T=0.000007 (1/139862, GnomAD)",10,https://www.ncbi.nlm.nih.gov/snp/rs62619935,Pathogenic,5q22.2,NM_000038.6(APC):c.646C>T (p.Arg216Ter),"Desmoid disease, hereditary (DESMD) (RCV000763536.2)"
APC,rs62619935,C,T,"5_prime_UTR_variant,synonymous_variant,stop_gained,coding_sequence_variant,missense_variant,intron_variant","T=0.000004 (1/264690, TOPMED).T=0.000004 (1/250150, GnomAD_exome).T=0.000007 (1/139862, GnomAD)",10,https://www.ncbi.nlm.nih.gov/snp/rs62619935,Pathogenic,5q22.2,NM_000038.6(APC):c.646C>T (p.Arg216Ter),Familial adenomatous polyposis 1 (FAP1) (RCV002228241.2)
APC,rs74535574,C,T,"stop_gained,coding_sequence_variant,missense_variant",,7,https://www.ncbi.nlm.nih.gov/snp/rs74535574,Likely-Pathogenic,5q22.2,NM_000038.6(APC):c.4285C>T (p.Gln1429Ter),Neoplasm of the large intestine (RCV000433006.1)
APC,rs77056664,C,T,"stop_gained,coding_sequence_variant,missense_variant",,1,https://www.ncbi.nlm.nih.gov/snp/rs77056664,Pathogenic,5q22.2,NM_000038.6(APC):c.3766C>T (p.Gln1256Ter),Familial adenomatous polyposis 1 (FAP1) (RCV001258086.1)
APC,rs121913326,G,T,"missense_variant,coding_sequence_variant,stop_gained",,5,https://www.ncbi.nlm.nih.gov/snp/rs121913326,Likely-Pathogenic,5q22.2,NM_000038.6(APC):c.4135G>T (p.Glu1379Ter),Neoplasm of the large intestine (RCV000426216.1)
APC,rs121913326,G,T,"missense_variant,coding_sequence_variant,stop_gained",,5,https://www.ncbi.nlm.nih.gov/snp/rs121913326,Pathogenic,5q22.2,NM_000038.6(APC):c.4135G>T (p.Glu1379Ter),none provided (RCV001725179.3)
APC,rs121913327,C,T,"missense_variant,coding_sequence_variant,stop_gained",,12,https://www.ncbi.nlm.nih.gov/snp/rs121913327,Pathogenic,5q22.2,NM_000038.6(APC):c.4012C>T (p.Gln1338Ter),Carcinoma of colon (CRC) (RCV000000838.8)
APC,rs121913327,C,T,"missense_variant,coding_sequence_variant,stop_gained",,12,https://www.ncbi.nlm.nih.gov/snp/rs121913327,Pathogenic,5q22.2,NM_000038.6(APC):c.4012C>T (p.Gln1338Ter),Familial adenomatous polyposis 1 (FAP1) (RCV000168134.1)
APC,rs121913327,C,T,"missense_variant,coding_sequence_variant,stop_gained",,12,https://www.ncbi.nlm.nih.gov/snp/rs121913327,Likely-Pathogenic,5q22.2,NM_000038.6(APC):c.4012C>T (p.Gln1338Ter),Neoplasm of the large intestine (RCV000423362.1)
APC,rs121913327,C,T,"missense_variant,coding_sequence_variant,stop_gained",,12,https://www.ncbi.nlm.nih.gov/snp/rs121913327,Pathogenic,5q22.2,NM_000038.6(APC):c.4012C>T (p.Gln1338Ter),Familial adenomatous polyposis 1 (FAP1) (RCV001851517.3)
APC,rs121913328,C,T,"missense_variant,coding_sequence_variant,stop_gained",,7,https://www.ncbi.nlm.nih.gov/snp/rs121913328,Likely-Pathogenic,5q22.2,NM_000038.6(APC):c.4099C>T (p.Gln1367Ter),Neoplasm of the large intestine (RCV000433625.1)
APC,rs121913328,C,T,"missense_variant,coding_sequence_variant,stop_gained",,7,https://www.ncbi.nlm.nih.gov/snp/rs121913328,Pathogenic,5q22.2,NM_000038.6(APC):c.4099C>T (p.Gln1367Ter),none provided (RCV001815384.5)
APC,rs121913329,C,T,"missense_variant,coding_sequence_variant,stop_gained",,5,https://www.ncbi.nlm.nih.gov/snp/rs121913329,Likely-Pathogenic,5q22.2,NM_000038.6(APC):c.4132C>T (p.Gln1378Ter),Neoplasm of the large intestine (RCV000443420.1)
APC,rs121913329,C,T,"missense_variant,coding_sequence_variant,stop_gained",,5,https://www.ncbi.nlm.nih.gov/snp/rs121913329,Pathogenic,5q22.2,NM_000038.6(APC):c.4132C>T (p.Gln1378Ter),Hereditary cancer-predisposing syndrome (RCV001021924.1)
APC,rs121913331,C,T,"missense_variant,coding_sequence_variant,stop_gained,synonymous_variant","A=0.000008 (2/250454, GnomAD_exome).A=0.000017 (2/120536, ExAC)",16,https://www.ncbi.nlm.nih.gov/snp/rs121913331,Likely-Pathogenic,5q22.2,NM_000038.6(APC):c.3340C>T (p.Arg1114Ter),Neoplasm of the large intestine (RCV000424284.2)
APC,rs121913331,C,T,"missense_variant,coding_sequence_variant,stop_gained,synonymous_variant","A=0.000008 (2/250454, GnomAD_exome).A=0.000017 (2/120536, ExAC)",16,https://www.ncbi.nlm.nih.gov/snp/rs121913331,Likely-Pathogenic,5q22.2,NM_000038.6(APC):c.3340C>T (p.Arg1114Ter),Lung adenocarcinoma (RCV000434269.2)
APC,rs121913331,C,T,"missense_variant,coding_sequence_variant,stop_gained,synonymous_variant","A=0.000008 (2/250454, GnomAD_exome).A=0.000017 (2/120536, ExAC)",16,https://www.ncbi.nlm.nih.gov/snp/rs121913331,Pathogenic,5q22.2,NM_000038.6(APC):c.3340C>T (p.Arg1114Ter),Hereditary cancer-predisposing syndrome (RCV000491362.4)
APC,rs121913331,C,T,"missense_variant,coding_sequence_variant,stop_gained,synonymous_variant","A=0.000008 (2/250454, GnomAD_exome).A=0.000017 (2/120536, ExAC)",16,https://www.ncbi.nlm.nih.gov/snp/rs121913331,Pathogenic,5q22.2,NM_000038.6(APC):c.3340C>T (p.Arg1114Ter),Familial multiple polyposis syndrome (FAP) (RCV000501152.6)
APC,rs121913331,C,T,"missense_variant,coding_sequence_variant,stop_gained,synonymous_variant","A=0.000008 (2/250454, GnomAD_exome).A=0.000017 (2/120536, ExAC)",16,https://www.ncbi.nlm.nih.gov/snp/rs121913331,Pathogenic,5q22.2,NM_000038.6(APC):c.3340C>T (p.Arg1114Ter),Carcinoma of colon (CRC) (RCV001353812.2)
APC,rs121913331,C,T,"missense_variant,coding_sequence_variant,stop_gained,synonymous_variant","A=0.000008 (2/250454, GnomAD_exome).A=0.000017 (2/120536, ExAC)",16,https://www.ncbi.nlm.nih.gov/snp/rs121913331,Pathogenic,5q22.2,NM_000038.6(APC):c.3340C>T (p.Arg1114Ter),none provided (RCV001723814.4)
APC,rs121913331,C,T,"missense_variant,coding_sequence_variant,stop_gained,synonymous_variant","A=0.000008 (2/250454, GnomAD_exome).A=0.000017 (2/120536, ExAC)",16,https://www.ncbi.nlm.nih.gov/snp/rs121913331,Pathogenic,5q22.2,NM_000038.6(APC):c.3340C>T (p.Arg1114Ter),Familial adenomatous polyposis 1 (FAP1) (RCV002229601.2)
APC,rs121913332,C,T,"missense_variant,coding_sequence_variant,stop_gained,synonymous_variant","G=0.000004 (1/251172, GnomAD_exome).G=0.000008 (1/121292, ExAC)",14,https://www.ncbi.nlm.nih.gov/snp/rs121913332,Pathogenic,5q22.2,NM_000038.6(APC):c.4348C>T (p.Arg1450Ter),Familial adenomatous polyposis 1 (FAP1) (RCV000174977.9)
APC,rs121913332,C,T,"missense_variant,coding_sequence_variant,stop_gained,synonymous_variant","G=0.000004 (1/251172, GnomAD_exome).G=0.000008 (1/121292, ExAC)",14,https://www.ncbi.nlm.nih.gov/snp/rs121913332,Likely-Pathogenic,5q22.2,NM_000038.6(APC):c.4348C>T (p.Arg1450Ter),Neoplasm of the large intestine (RCV000441954.1)
APC,rs121913332,C,T,"missense_variant,coding_sequence_variant,stop_gained,synonymous_variant","G=0.000004 (1/251172, GnomAD_exome).G=0.000008 (1/121292, ExAC)",14,https://www.ncbi.nlm.nih.gov/snp/rs121913332,Pathogenic,5q22.2,NM_000038.6(APC):c.4348C>T (p.Arg1450Ter),none provided (RCV000486553.8)
APC,rs121913332,C,T,"missense_variant,coding_sequence_variant,stop_gained,synonymous_variant","G=0.000004 (1/251172, GnomAD_exome).G=0.000008 (1/121292, ExAC)",14,https://www.ncbi.nlm.nih.gov/snp/rs121913332,Pathogenic,5q22.2,NM_000038.6(APC):c.4348C>T (p.Arg1450Ter),Hereditary cancer-predisposing syndrome (RCV000494198.2)
APC,rs121913332,C,T,"missense_variant,coding_sequence_variant,stop_gained,synonymous_variant","G=0.000004 (1/251172, GnomAD_exome).G=0.000008 (1/121292, ExAC)",14,https://www.ncbi.nlm.nih.gov/snp/rs121913332,Pathogenic,5q22.2,NM_000038.6(APC):c.4348C>T (p.Arg1450Ter),Familial multiple polyposis syndrome (FAP) (RCV000659277.1)
APC,rs121913332,C,T,"missense_variant,coding_sequence_variant,stop_gained,synonymous_variant","G=0.000004 (1/251172, GnomAD_exome).G=0.000008 (1/121292, ExAC)",14,https://www.ncbi.nlm.nih.gov/snp/rs121913332,Pathogenic,5q22.2,NM_000038.6(APC):c.4348C>T (p.Arg1450Ter),Familial adenomatous polyposis 1 (FAP1) (RCV002228619.1)
APC,rs121913333,C,T,"missense_variant,coding_sequence_variant,stop_gained,synonymous_variant","T=0.000004 (1/264690, TOPMED).T=0.00000 (0/10680, ALFA)",16,https://www.ncbi.nlm.nih.gov/snp/rs121913333,Pathogenic,5q22.2,NM_000038.6(APC):c.2626C>T (p.Arg876Ter),none provided (RCV000236362.10)
APC,rs121913333,C,T,"missense_variant,coding_sequence_variant,stop_gained,synonymous_variant","T=0.000004 (1/264690, TOPMED).T=0.00000 (0/10680, ALFA)",16,https://www.ncbi.nlm.nih.gov/snp/rs121913333,Likely-Pathogenic,5q22.2,NM_000038.6(APC):c.2626C>T (p.Arg876Ter),Neoplasm of the large intestine (RCV000438475.2)
APC,rs121913333,C,T,"missense_variant,coding_sequence_variant,stop_gained,synonymous_variant","T=0.000004 (1/264690, TOPMED).T=0.00000 (0/10680, ALFA)",16,https://www.ncbi.nlm.nih.gov/snp/rs121913333,Pathogenic,5q22.2,NM_000038.6(APC):c.2626C>T (p.Arg876Ter),Hereditary cancer-predisposing syndrome (RCV000492041.2)
APC,rs121913333,C,T,"missense_variant,coding_sequence_variant,stop_gained,synonymous_variant","T=0.000004 (1/264690, TOPMED).T=0.00000 (0/10680, ALFA)",16,https://www.ncbi.nlm.nih.gov/snp/rs121913333,Pathogenic,5q22.2,NM_000038.6(APC):c.2626C>T (p.Arg876Ter),Carcinoma of colon (CRC) (RCV000500904.4)
APC,rs121913333,C,T,"missense_variant,coding_sequence_variant,stop_gained,synonymous_variant","T=0.000004 (1/264690, TOPMED).T=0.00000 (0/10680, ALFA)",16,https://www.ncbi.nlm.nih.gov/snp/rs121913333,Pathogenic,5q22.2,NM_000038.6(APC):c.2626C>T (p.Arg876Ter),AllHighlyPenetrant (RCV001000185.5)
APC,rs121913333,C,T,"missense_variant,coding_sequence_variant,stop_gained,synonymous_variant","T=0.000004 (1/264690, TOPMED).T=0.00000 (0/10680, ALFA)",16,https://www.ncbi.nlm.nih.gov/snp/rs121913333,Pathogenic,5q22.2,NM_000038.6(APC):c.2626C>T (p.Arg876Ter),Familial adenomatous polyposis 1 (FAP1) (RCV002228900.3)
APC,rs121913462,G,T,"missense_variant,coding_sequence_variant,stop_gained","A=0.000004 (1/264690, TOPMED).A=0.000007 (1/140242, GnomAD).A=0.00001 (1/78698, PAGE_STUDY)",4,https://www.ncbi.nlm.nih.gov/snp/rs121913462,Likely-Pathogenic,5q22.2,NM_000038.6(APC):c.3916G>T (p.Glu1306Ter),Neoplasm of the large intestine (RCV000443324.1)
APC,rs121913462,G,T,"missense_variant,coding_sequence_variant,stop_gained","A=0.000004 (1/264690, TOPMED).A=0.000007 (1/140242, GnomAD).A=0.00001 (1/78698, PAGE_STUDY)",4,https://www.ncbi.nlm.nih.gov/snp/rs121913462,Pathogenic,5q22.2,NM_000038.6(APC):c.3916G>T (p.Glu1306Ter),none provided (RCV000985300.2)
APC,rs121913462,G,T,"missense_variant,coding_sequence_variant,stop_gained","A=0.000004 (1/264690, TOPMED).A=0.000007 (1/140242, GnomAD).A=0.00001 (1/78698, PAGE_STUDY)",4,https://www.ncbi.nlm.nih.gov/snp/rs121913462,Pathogenic,5q22.2,NM_000038.6(APC):c.3916G>T (p.Glu1306Ter),Hereditary cancer-predisposing syndrome (RCV001180269.2)
APC,rs137854567,C,T,"missense_variant,coding_sequence_variant","T=0.000378 (100/264690, TOPMED).T=0.000732 (145/198068, ALFA).T=0.000535 (75/140218, GnomAD)",7,https://www.ncbi.nlm.nih.gov/snp/rs137854567,Pathogenic,5q22.2,NM_000038.6(APC):c.1240C>T (p.Arg414Cys),Gardner syndrome (GS) (RCV000000833.7)
APC,rs137854568,C,T,"missense_variant,coding_sequence_variant,stop_gained,synonymous_variant","T=0.00000 (0/78698, PAGE_STUDY).T=0.000 (0/660, ALFA)",5,https://www.ncbi.nlm.nih.gov/snp/rs137854568,Pathogenic,5q22.2,NM_000038.6(APC):c.904C>T (p.Arg302Ter),Familial adenomatous polyposis 1 (FAP1) (RCV000000834.9)
APC,rs137854568,C,T,"missense_variant,coding_sequence_variant,stop_gained,synonymous_variant","T=0.00000 (0/78698, PAGE_STUDY).T=0.000 (0/660, ALFA)",5,https://www.ncbi.nlm.nih.gov/snp/rs137854568,Pathogenic,5q22.2,NM_000038.6(APC):c.904C>T (p.Arg302Ter),Gardner syndrome (GS) (RCV000000835.5)
APC,rs137854568,C,T,"missense_variant,coding_sequence_variant,stop_gained,synonymous_variant","T=0.00000 (0/78698, PAGE_STUDY).T=0.000 (0/660, ALFA)",5,https://www.ncbi.nlm.nih.gov/snp/rs137854568,Pathogenic,5q22.2,NM_000038.6(APC):c.904C>T (p.Arg302Ter),none provided (RCV000077996.15)
APC,rs137854568,C,T,"missense_variant,coding_sequence_variant,stop_gained,synonymous_variant","T=0.00000 (0/78698, PAGE_STUDY).T=0.000 (0/660, ALFA)",5,https://www.ncbi.nlm.nih.gov/snp/rs137854568,Pathogenic,5q22.2,NM_000038.6(APC):c.904C>T (p.Arg302Ter),Hereditary cancer-predisposing syndrome (RCV000164370.6)
APC,rs137854568,C,T,"missense_variant,coding_sequence_variant,stop_gained,synonymous_variant","T=0.00000 (0/78698, PAGE_STUDY).T=0.000 (0/660, ALFA)",5,https://www.ncbi.nlm.nih.gov/snp/rs137854568,Pathogenic,5q22.2,NM_000038.6(APC):c.904C>T (p.Arg302Ter),"Colorectal cancer, susceptibility to (RCV000210154.2)"
APC,rs137854568,C,T,"missense_variant,coding_sequence_variant,stop_gained,synonymous_variant","T=0.00000 (0/78698, PAGE_STUDY).T=0.000 (0/660, ALFA)",5,https://www.ncbi.nlm.nih.gov/snp/rs137854568,Pathogenic,5q22.2,NM_000038.6(APC):c.904C>T (p.Arg302Ter),Familial multiple polyposis syndrome (FAP) (RCV000499742.5)
APC,rs137854568,C,T,"missense_variant,coding_sequence_variant,stop_gained,synonymous_variant","T=0.00000 (0/78698, PAGE_STUDY).T=0.000 (0/660, ALFA)",5,https://www.ncbi.nlm.nih.gov/snp/rs137854568,Pathogenic,5q22.2,NM_000038.6(APC):c.904C>T (p.Arg302Ter),Familial adenomatous polyposis 1 (FAP1) (RCV002227964.1)
APC,rs137854569,C,G,"missense_variant,coding_sequence_variant,stop_gained,5_prime_UTR_variant",,2,https://www.ncbi.nlm.nih.gov/snp/rs137854569,Pathogenic,5q22.2,NM_000038.6(APC):c.839C>G (p.Ser280Ter),Gardner syndrome (GS) (RCV000000836.7)
APC,rs137854569,C,G,"missense_variant,coding_sequence_variant,stop_gained,5_prime_UTR_variant",,2,https://www.ncbi.nlm.nih.gov/snp/rs137854569,Pathogenic,5q22.2,NM_000038.6(APC):c.839C>G (p.Ser280Ter),Familial multiple polyposis syndrome (FAP) (RCV000503268.3)
APC,rs137854569,C,G,"missense_variant,coding_sequence_variant,stop_gained,5_prime_UTR_variant",,2,https://www.ncbi.nlm.nih.gov/snp/rs137854569,Pathogenic,5q22.2,NM_000038.6(APC):c.839C>G (p.Ser280Ter),Familial adenomatous polyposis 1 (FAP1) (RCV002227965.4)
APC,rs137854570,C,G,"missense_variant,coding_sequence_variant,stop_gained","T=0.000004 (1/264690, TOPMED).T=0.00000 (0/10680, ALFA)",1,https://www.ncbi.nlm.nih.gov/snp/rs137854570,Pathogenic,5q22.2,NM_000038.6(APC):c.2138C>G (p.Ser713Ter),Gardner syndrome (GS) (RCV000000837.6)
APC,rs137854570,C,G,"missense_variant,coding_sequence_variant,stop_gained","T=0.000004 (1/264690, TOPMED).T=0.00000 (0/10680, ALFA)",1,https://www.ncbi.nlm.nih.gov/snp/rs137854570,Pathogenic,5q22.2,NM_000038.6(APC):c.2138C>G (p.Ser713Ter),Hereditary cancer-predisposing syndrome (RCV000491636.1)
APC,rs137854570,C,G,"missense_variant,coding_sequence_variant,stop_gained","T=0.000004 (1/264690, TOPMED).T=0.00000 (0/10680, ALFA)",1,https://www.ncbi.nlm.nih.gov/snp/rs137854570,Pathogenic,5q22.2,NM_000038.6(APC):c.2138C>G (p.Ser713Ter),Familial adenomatous polyposis 1 (FAP1) (RCV001851516.1)
APC,rs137854571,C,T,"missense_variant,coding_sequence_variant,stop_gained","T=0.000004 (1/264690, TOPMED).T=0.00000 (0/10680, ALFA)",1,https://www.ncbi.nlm.nih.gov/snp/rs137854571,Pathogenic,5q22.2,NM_000038.6(APC):c.3199C>T (p.Gln1067Ter),Gastric cancer (RCV000000840.5)
APC,rs137854571,C,T,"missense_variant,coding_sequence_variant,stop_gained","T=0.000004 (1/264690, TOPMED).T=0.00000 (0/10680, ALFA)",1,https://www.ncbi.nlm.nih.gov/snp/rs137854571,Pathogenic,5q22.2,NM_000038.6(APC):c.3199C>T (p.Gln1067Ter),Hereditary cancer-predisposing syndrome (RCV001019125.2)
APC,rs137854571,C,T,"missense_variant,coding_sequence_variant,stop_gained","T=0.000004 (1/264690, TOPMED).T=0.00000 (0/10680, ALFA)",1,https://www.ncbi.nlm.nih.gov/snp/rs137854571,Pathogenic,5q22.2,NM_000038.6(APC):c.3199C>T (p.Gln1067Ter),Familial adenomatous polyposis 1 (FAP1) (RCV002227966.4)
APC,rs137854572,C,T,"missense_variant,coding_sequence_variant,stop_gained","A=0.000004 (1/264690, TOPMED).T=0.00003 (2/78700, PAGE_STUDY).A=0.00000 (0/11340, ALFA)",6,https://www.ncbi.nlm.nih.gov/snp/rs137854572,Pathogenic,5q22.2,NM_000038.6(APC):c.1621C>T (p.Gln541Ter),Familial adenomatous polyposis 1 (FAP1) (RCV000000843.7)
APC,rs137854572,C,T,"missense_variant,coding_sequence_variant,stop_gained","A=0.000004 (1/264690, TOPMED).T=0.00003 (2/78700, PAGE_STUDY).A=0.00000 (0/11340, ALFA)",6,https://www.ncbi.nlm.nih.gov/snp/rs137854572,Pathogenic,5q22.2,NM_000038.6(APC):c.1621C>T (p.Gln541Ter),Brain tumor-polyposis syndrome 2 (BTPS2) (RCV000000844.2)
APC,rs137854572,C,T,"missense_variant,coding_sequence_variant,stop_gained","A=0.000004 (1/264690, TOPMED).T=0.00003 (2/78700, PAGE_STUDY).A=0.00000 (0/11340, ALFA)",6,https://www.ncbi.nlm.nih.gov/snp/rs137854572,Pathogenic,5q22.2,NM_000038.6(APC):c.1621C>T (p.Gln541Ter),Hereditary cancer-predisposing syndrome (RCV000490845.1)
APC,rs137854572,C,T,"missense_variant,coding_sequence_variant,stop_gained","A=0.000004 (1/264690, TOPMED).T=0.00003 (2/78700, PAGE_STUDY).A=0.00000 (0/11340, ALFA)",6,https://www.ncbi.nlm.nih.gov/snp/rs137854572,Pathogenic,5q22.2,NM_000038.6(APC):c.1621C>T (p.Gln541Ter),Carcinoma of colon (CRC) (RCV000503851.2)
APC,rs137854572,C,T,"missense_variant,coding_sequence_variant,stop_gained","A=0.000004 (1/264690, TOPMED).T=0.00003 (2/78700, PAGE_STUDY).A=0.00000 (0/11340, ALFA)",6,https://www.ncbi.nlm.nih.gov/snp/rs137854572,Pathogenic,5q22.2,NM_000038.6(APC):c.1621C>T (p.Gln541Ter),none provided (RCV000657602.4)
APC,rs137854572,C,T,"missense_variant,coding_sequence_variant,stop_gained","A=0.000004 (1/264690, TOPMED).T=0.00003 (2/78700, PAGE_STUDY).A=0.00000 (0/11340, ALFA)",6,https://www.ncbi.nlm.nih.gov/snp/rs137854572,Pathogenic,5q22.2,NM_000038.6(APC):c.1621C>T (p.Gln541Ter),Familial adenomatous polyposis 1 (FAP1) (RCV002227968.3)
APC,rs137854573,C,T,"missense_variant,coding_sequence_variant,stop_gained","T=0.00000 (0/78698, PAGE_STUDY).T=0.000 (0/660, ALFA)",6,https://www.ncbi.nlm.nih.gov/snp/rs137854573,Pathogenic,5q22.2,NM_000038.6(APC):c.1660C>T (p.Arg554Ter),Familial adenomatous polyposis 1 (FAP1) (RCV000000845.9)
APC,rs137854573,C,T,"missense_variant,coding_sequence_variant,stop_gained","T=0.00000 (0/78698, PAGE_STUDY).T=0.000 (0/660, ALFA)",6,https://www.ncbi.nlm.nih.gov/snp/rs137854573,Pathogenic,5q22.2,NM_000038.6(APC):c.1660C>T (p.Arg554Ter),Hereditary cancer-predisposing syndrome (RCV000129303.6)
APC,rs137854573,C,T,"missense_variant,coding_sequence_variant,stop_gained","T=0.00000 (0/78698, PAGE_STUDY).T=0.000 (0/660, ALFA)",6,https://www.ncbi.nlm.nih.gov/snp/rs137854573,Pathogenic,5q22.2,NM_000038.6(APC):c.1660C>T (p.Arg554Ter),"Colorectal cancer, susceptibility to (RCV000210172.2)"
APC,rs137854573,C,T,"missense_variant,coding_sequence_variant,stop_gained","T=0.00000 (0/78698, PAGE_STUDY).T=0.000 (0/660, ALFA)",6,https://www.ncbi.nlm.nih.gov/snp/rs137854573,Pathogenic,5q22.2,NM_000038.6(APC):c.1660C>T (p.Arg554Ter),none provided (RCV000482405.1)
APC,rs137854573,C,T,"missense_variant,coding_sequence_variant,stop_gained","T=0.00000 (0/78698, PAGE_STUDY).T=0.000 (0/660, ALFA)",6,https://www.ncbi.nlm.nih.gov/snp/rs137854573,Pathogenic,5q22.2,NM_000038.6(APC):c.1660C>T (p.Arg554Ter),"Desmoid disease, hereditary (DESMD) (RCV000763541.1)"
APC,rs137854573,C,T,"missense_variant,coding_sequence_variant,stop_gained","T=0.00000 (0/78698, PAGE_STUDY).T=0.000 (0/660, ALFA)",6,https://www.ncbi.nlm.nih.gov/snp/rs137854573,Pathogenic,5q22.2,NM_000038.6(APC):c.1660C>T (p.Arg554Ter),Familial multiple polyposis syndrome (FAP) (RCV000844608.3)
APC,rs137854573,C,T,"missense_variant,coding_sequence_variant,stop_gained","T=0.00000 (0/78698, PAGE_STUDY).T=0.000 (0/660, ALFA)",6,https://www.ncbi.nlm.nih.gov/snp/rs137854573,Pathogenic,5q22.2,NM_000038.6(APC):c.1660C>T (p.Arg554Ter),Familial adenomatous polyposis 1 (FAP1) (RCV002227969.1)
APC,rs137854574,C,T,"missense_variant,coding_sequence_variant,stop_gained,synonymous_variant","T=0.00000 (0/78698, PAGE_STUDY).T=0.000 (0/660, ALFA)",1,https://www.ncbi.nlm.nih.gov/snp/rs137854574,Pathogenic,5q22.2,NM_000038.6(APC):c.1690C>T (p.Arg564Ter),Familial adenomatous polyposis 1 (FAP1) (RCV000000846.10)
APC,rs137854574,C,T,"missense_variant,coding_sequence_variant,stop_gained,synonymous_variant","T=0.00000 (0/78698, PAGE_STUDY).T=0.000 (0/660, ALFA)",1,https://www.ncbi.nlm.nih.gov/snp/rs137854574,Pathogenic,5q22.2,NM_000038.6(APC):c.1690C>T (p.Arg564Ter),Hereditary cancer-predisposing syndrome (RCV000493386.3)
APC,rs137854574,C,T,"missense_variant,coding_sequence_variant,stop_gained,synonymous_variant","T=0.00000 (0/78698, PAGE_STUDY).T=0.000 (0/660, ALFA)",1,https://www.ncbi.nlm.nih.gov/snp/rs137854574,Pathogenic,5q22.2,NM_000038.6(APC):c.1690C>T (p.Arg564Ter),none provided (RCV000524040.11)
APC,rs137854574,C,T,"missense_variant,coding_sequence_variant,stop_gained,synonymous_variant","T=0.00000 (0/78698, PAGE_STUDY).T=0.000 (0/660, ALFA)",1,https://www.ncbi.nlm.nih.gov/snp/rs137854574,Pathogenic,5q22.2,NM_000038.6(APC):c.1690C>T (p.Arg564Ter),Familial multiple polyposis syndrome (FAP) (RCV001195432.4)
APC,rs137854574,C,T,"missense_variant,coding_sequence_variant,stop_gained,synonymous_variant","T=0.00000 (0/78698, PAGE_STUDY).T=0.000 (0/660, ALFA)",1,https://www.ncbi.nlm.nih.gov/snp/rs137854574,Pathogenic,5q22.2,NM_000038.6(APC):c.1690C>T (p.Arg564Ter),Familial adenomatous polyposis 1 (FAP1) (RCV002227970.1)
APC,rs137854575,C,A,"coding_sequence_variant,stop_gained,synonymous_variant","T=0.000472 (125/264690, TOPMED).T=0.000475 (119/250710, GnomAD_exome).T=0.000399 (56/140260, GnomAD)",26,https://www.ncbi.nlm.nih.gov/snp/rs137854575,Pathogenic,5q22.2,NM_000038.6(APC):c.2805C>A (p.Tyr935Ter),Familial adenomatous polyposis 1 (FAP1) (RCV000000848.10)
APC,rs137854575,C,A,"coding_sequence_variant,stop_gained,synonymous_variant","T=0.000472 (125/264690, TOPMED).T=0.000475 (119/250710, GnomAD_exome).T=0.000399 (56/140260, GnomAD)",26,https://www.ncbi.nlm.nih.gov/snp/rs137854575,Pathogenic,5q22.2,NM_000038.6(APC):c.2805C>A (p.Tyr935Ter),Hereditary cancer-predisposing syndrome (RCV000129305.10)
APC,rs137854575,C,A,"coding_sequence_variant,stop_gained,synonymous_variant","T=0.000472 (125/264690, TOPMED).T=0.000475 (119/250710, GnomAD_exome).T=0.000399 (56/140260, GnomAD)",26,https://www.ncbi.nlm.nih.gov/snp/rs137854575,Pathogenic,5q22.2,NM_000038.6(APC):c.2805C>A (p.Tyr935Ter),none provided (RCV000202012.12)
APC,rs137854575,C,A,"coding_sequence_variant,stop_gained,synonymous_variant","T=0.000472 (125/264690, TOPMED).T=0.000475 (119/250710, GnomAD_exome).T=0.000399 (56/140260, GnomAD)",26,https://www.ncbi.nlm.nih.gov/snp/rs137854575,Pathogenic,5q22.2,NM_000038.6(APC):c.2805C>A (p.Tyr935Ter),"Colorectal cancer, susceptibility to (RCV000210151.2)"
APC,rs137854575,C,A,"coding_sequence_variant,stop_gained,synonymous_variant","T=0.000472 (125/264690, TOPMED).T=0.000475 (119/250710, GnomAD_exome).T=0.000399 (56/140260, GnomAD)",26,https://www.ncbi.nlm.nih.gov/snp/rs137854575,Pathogenic,5q22.2,NM_000038.6(APC):c.2805C>A (p.Tyr935Ter),"Desmoid disease, hereditary (DESMD) (RCV000763542.1)"
APC,rs137854575,C,A,"coding_sequence_variant,stop_gained,synonymous_variant","T=0.000472 (125/264690, TOPMED).T=0.000475 (119/250710, GnomAD_exome).T=0.000399 (56/140260, GnomAD)",26,https://www.ncbi.nlm.nih.gov/snp/rs137854575,Pathogenic,5q22.2,NM_000038.6(APC):c.2805C>A (p.Tyr935Ter),Familial multiple polyposis syndrome (FAP) (RCV000844610.5)
APC,rs137854575,C,A,"coding_sequence_variant,stop_gained,synonymous_variant","T=0.000472 (125/264690, TOPMED).T=0.000475 (119/250710, GnomAD_exome).T=0.000399 (56/140260, GnomAD)",26,https://www.ncbi.nlm.nih.gov/snp/rs137854575,Pathogenic,5q22.2,NM_000038.6(APC):c.2805C>A (p.Tyr935Ter),Familial adenomatous polyposis 1 (FAP1) (RCV002227971.1)
APC,rs137854575,C,G,"coding_sequence_variant,stop_gained,synonymous_variant","T=0.000472 (125/264690, TOPMED).T=0.000475 (119/250710, GnomAD_exome).T=0.000399 (56/140260, GnomAD)",26,https://www.ncbi.nlm.nih.gov/snp/rs137854575,Pathogenic,5q22.2,NM_000038.6(APC):c.2805C>G (p.Tyr935Ter),Hereditary cancer-predisposing syndrome (RCV000165582.4)
APC,rs137854575,C,G,"coding_sequence_variant,stop_gained,synonymous_variant","T=0.000472 (125/264690, TOPMED).T=0.000475 (119/250710, GnomAD_exome).T=0.000399 (56/140260, GnomAD)",26,https://www.ncbi.nlm.nih.gov/snp/rs137854575,Pathogenic,5q22.2,NM_000038.6(APC):c.2805C>G (p.Tyr935Ter),none provided (RCV000202153.4)
APC,rs137854575,C,G,"coding_sequence_variant,stop_gained,synonymous_variant","T=0.000472 (125/264690, TOPMED).T=0.000475 (119/250710, GnomAD_exome).T=0.000399 (56/140260, GnomAD)",26,https://www.ncbi.nlm.nih.gov/snp/rs137854575,Pathogenic,5q22.2,NM_000038.6(APC):c.2805C>G (p.Tyr935Ter),Familial multiple polyposis syndrome (FAP) (RCV000500049.3)
APC,rs137854575,C,G,"coding_sequence_variant,stop_gained,synonymous_variant","T=0.000472 (125/264690, TOPMED).T=0.000475 (119/250710, GnomAD_exome).T=0.000399 (56/140260, GnomAD)",26,https://www.ncbi.nlm.nih.gov/snp/rs137854575,Pathogenic,5q22.2,NM_000038.6(APC):c.2805C>G (p.Tyr935Ter),Familial adenomatous polyposis 1 (FAP1) (RCV002228747.4)
APC,rs137854576,G,A,"missense_variant,coding_sequence_variant,stop_gained,5_prime_UTR_variant","A=0.00001 (1/78700, PAGE_STUDY).A=0.000 (0/660, ALFA)",1,https://www.ncbi.nlm.nih.gov/snp/rs137854576,Pathogenic,5q22.2,NM_000038.6(APC):c.470G>A (p.Trp157Ter),Familial adenomatous polyposis 1 (FAP1) (RCV000000852.6)
APC,rs137854576,G,A,"missense_variant,coding_sequence_variant,stop_gained,5_prime_UTR_variant","A=0.00001 (1/78700, PAGE_STUDY).A=0.000 (0/660, ALFA)",1,https://www.ncbi.nlm.nih.gov/snp/rs137854576,Pathogenic,5q22.2,NM_000038.6(APC):c.470G>A (p.Trp157Ter),Familial adenomatous polyposis 1 (FAP1) (RCV002227974.3)
APC,rs137854578,A,T,"missense_variant,coding_sequence_variant",,1,https://www.ncbi.nlm.nih.gov/snp/rs137854578,Pathogenic,5q22.2,NM_000038.6(APC):c.4183A>T (p.Ser1395Cys),Hepatoblastoma (RCV000000859.5)
APC,rs137854580,C,T,"missense_variant,coding_sequence_variant,stop_gained,synonymous_variant","G=0.000004 (1/264690, TOPMED).G=0.000028 (7/251260, GnomAD_exome).G=0.00003 (1/35430, ALFA)",9,https://www.ncbi.nlm.nih.gov/snp/rs137854580,Pathogenic,5q22.2,NM_000038.6(APC):c.1495C>T (p.Arg499Ter),Gardner syndrome (GS) (RCV000000867.3)
APC,rs137854580,C,T,"missense_variant,coding_sequence_variant,stop_gained,synonymous_variant","G=0.000004 (1/264690, TOPMED).G=0.000028 (7/251260, GnomAD_exome).G=0.00003 (1/35430, ALFA)",9,https://www.ncbi.nlm.nih.gov/snp/rs137854580,Pathogenic,5q22.2,NM_000038.6(APC):c.1495C>T (p.Arg499Ter),Familial adenomatous polyposis 1 (FAP1) (RCV000204796.9)
APC,rs137854580,C,T,"missense_variant,coding_sequence_variant,stop_gained,synonymous_variant","G=0.000004 (1/264690, TOPMED).G=0.000028 (7/251260, GnomAD_exome).G=0.00003 (1/35430, ALFA)",9,https://www.ncbi.nlm.nih.gov/snp/rs137854580,Pathogenic,5q22.2,NM_000038.6(APC):c.1495C>T (p.Arg499Ter),Hereditary cancer-predisposing syndrome (RCV000491830.5)
APC,rs137854580,C,T,"missense_variant,coding_sequence_variant,stop_gained,synonymous_variant","G=0.000004 (1/264690, TOPMED).G=0.000028 (7/251260, GnomAD_exome).G=0.00003 (1/35430, ALFA)",9,https://www.ncbi.nlm.nih.gov/snp/rs137854580,Pathogenic,5q22.2,NM_000038.6(APC):c.1495C>T (p.Arg499Ter),Familial multiple polyposis syndrome (FAP) (RCV000499412.4)
APC,rs137854580,C,T,"missense_variant,coding_sequence_variant,stop_gained,synonymous_variant","G=0.000004 (1/264690, TOPMED).G=0.000028 (7/251260, GnomAD_exome).G=0.00003 (1/35430, ALFA)",9,https://www.ncbi.nlm.nih.gov/snp/rs137854580,Pathogenic,5q22.2,NM_000038.6(APC):c.1495C>T (p.Arg499Ter),none provided (RCV000521676.4)
APC,rs137854580,C,T,"missense_variant,coding_sequence_variant,stop_gained,synonymous_variant","G=0.000004 (1/264690, TOPMED).G=0.000028 (7/251260, GnomAD_exome).G=0.00003 (1/35430, ALFA)",9,https://www.ncbi.nlm.nih.gov/snp/rs137854580,Pathogenic,5q22.2,NM_000038.6(APC):c.1495C>T (p.Arg499Ter),Carcinoma of colon (CRC) (RCV001353679.1)
APC,rs137854580,C,T,"missense_variant,coding_sequence_variant,stop_gained,synonymous_variant","G=0.000004 (1/264690, TOPMED).G=0.000028 (7/251260, GnomAD_exome).G=0.00003 (1/35430, ALFA)",9,https://www.ncbi.nlm.nih.gov/snp/rs137854580,Pathogenic,5q22.2,NM_000038.6(APC):c.1495C>T (p.Arg499Ter),Familial adenomatous polyposis 1 (FAP1) (RCV002227979.1)
APC,rs137854582,T,A,"missense_variant,coding_sequence_variant,stop_gained",,2,https://www.ncbi.nlm.nih.gov/snp/rs137854582,Pathogenic,5q22.2,NM_000038.6(APC):c.2093T>A (p.Leu698Ter),Gardner syndrome (GS) (RCV000000875.2)
APC,rs137854582,T,A,"missense_variant,coding_sequence_variant,stop_gained",,2,https://www.ncbi.nlm.nih.gov/snp/rs137854582,Pathogenic,5q22.2,NM_000038.6(APC):c.2093T>A (p.Leu698Ter),Familial adenomatous polyposis 1 (FAP1) (RCV001310095.1)
APC,rs137854582,T,G,"missense_variant,coding_sequence_variant,stop_gained",,2,https://www.ncbi.nlm.nih.gov/snp/rs137854582,Pathogenic,5q22.2,NM_000038.6(APC):c.2093T>G (p.Leu698Ter),none provided (RCV000502286.2)
APC,rs137854583,C,T,"missense_variant,coding_sequence_variant,stop_gained,5_prime_UTR_variant","A=0.00000 (0/78702, PAGE_STUDY).A=0.000 (0/660, ALFA)",2,https://www.ncbi.nlm.nih.gov/snp/rs137854583,Pathogenic,5q22.2,NM_000038.6(APC):c.622C>T (p.Gln208Ter),Gardner syndrome (GS) (RCV000000882.3)
APC,rs137854583,C,T,"missense_variant,coding_sequence_variant,stop_gained,5_prime_UTR_variant","A=0.00000 (0/78702, PAGE_STUDY).A=0.000 (0/660, ALFA)",2,https://www.ncbi.nlm.nih.gov/snp/rs137854583,Pathogenic,5q22.2,NM_000038.6(APC):c.622C>T (p.Gln208Ter),Hereditary cancer-predisposing syndrome (RCV000491262.1)
APC,rs141576417,C,T,"missense_variant,coding_sequence_variant,stop_gained,5_prime_UTR_variant","G=0.000359 (95/264690, TOPMED).G=0.000603 (151/250412, GnomAD_exome).G=0.000342 (48/140174, GnomAD)",3,https://www.ncbi.nlm.nih.gov/snp/rs141576417,Pathogenic,5q22.2,NM_000038.6(APC):c.607C>T (p.Gln203Ter),Hereditary cancer-predisposing syndrome (RCV000491579.2)
APC,rs141576417,C,T,"missense_variant,coding_sequence_variant,stop_gained,5_prime_UTR_variant","G=0.000359 (95/264690, TOPMED).G=0.000603 (151/250412, GnomAD_exome).G=0.000342 (48/140174, GnomAD)",3,https://www.ncbi.nlm.nih.gov/snp/rs141576417,Pathogenic,5q22.2,NM_000038.6(APC):c.607C>T (p.Gln203Ter),Familial adenomatous polyposis 1 (FAP1) (RCV002231132.4)
APC,rs145945630,C,T,"coding_sequence_variant,5_prime_UTR_variant,intron_variant,synonymous_variant,missense_variant,stop_gained","T=0.000004 (1/264690, TOPMED).T=0.000024 (6/251240, GnomAD_exome).T=0.000006 (1/168494, ALFA)",4,https://www.ncbi.nlm.nih.gov/snp/rs145945630,Pathogenic,5q22.2,NM_000038.6(APC):c.70C>T (p.Arg24Ter),Hereditary cancer-predisposing syndrome (RCV000164002.7)
APC,rs145945630,C,T,"coding_sequence_variant,5_prime_UTR_variant,intron_variant,synonymous_variant,missense_variant,stop_gained","T=0.000004 (1/264690, TOPMED).T=0.000024 (6/251240, GnomAD_exome).T=0.000006 (1/168494, ALFA)",4,https://www.ncbi.nlm.nih.gov/snp/rs145945630,Pathogenic-Likely-Pathogenic,5q22.2,NM_000038.6(APC):c.70C>T (p.Arg24Ter),Familial adenomatous polyposis 1 (FAP1) (RCV000227124.10)
APC,rs145945630,C,T,"coding_sequence_variant,5_prime_UTR_variant,intron_variant,synonymous_variant,missense_variant,stop_gained","T=0.000004 (1/264690, TOPMED).T=0.000024 (6/251240, GnomAD_exome).T=0.000006 (1/168494, ALFA)",4,https://www.ncbi.nlm.nih.gov/snp/rs145945630,Pathogenic,5q22.2,NM_000038.6(APC):c.70C>T (p.Arg24Ter),none provided (RCV000482864.4)
APC,rs145945630,C,T,"coding_sequence_variant,5_prime_UTR_variant,intron_variant,synonymous_variant,missense_variant,stop_gained","T=0.000004 (1/264690, TOPMED).T=0.000024 (6/251240, GnomAD_exome).T=0.000006 (1/168494, ALFA)",4,https://www.ncbi.nlm.nih.gov/snp/rs145945630,Pathogenic,5q22.2,NM_000038.6(APC):c.70C>T (p.Arg24Ter),AllHighlyPenetrant (RCV000508297.5)
APC,rs145945630,C,T,"coding_sequence_variant,5_prime_UTR_variant,intron_variant,synonymous_variant,missense_variant,stop_gained","T=0.000004 (1/264690, TOPMED).T=0.000024 (6/251240, GnomAD_exome).T=0.000006 (1/168494, ALFA)",4,https://www.ncbi.nlm.nih.gov/snp/rs145945630,Pathogenic,5q22.2,NM_000038.6(APC):c.70C>T (p.Arg24Ter),"Desmoid disease, hereditary (DESMD) (RCV000763534.1)"
APC,rs145945630,C,T,"coding_sequence_variant,5_prime_UTR_variant,intron_variant,synonymous_variant,missense_variant,stop_gained","T=0.000004 (1/264690, TOPMED).T=0.000024 (6/251240, GnomAD_exome).T=0.000006 (1/168494, ALFA)",4,https://www.ncbi.nlm.nih.gov/snp/rs145945630,Pathogenic,5q22.2,NM_000038.6(APC):c.70C>T (p.Arg24Ter),Familial multiple polyposis syndrome (FAP) (RCV000844605.5)
APC,rs145945630,C,T,"coding_sequence_variant,5_prime_UTR_variant,intron_variant,synonymous_variant,missense_variant,stop_gained","T=0.000004 (1/264690, TOPMED).T=0.000024 (6/251240, GnomAD_exome).T=0.000006 (1/168494, ALFA)",4,https://www.ncbi.nlm.nih.gov/snp/rs145945630,Pathogenic,5q22.2,NM_000038.6(APC):c.70C>T (p.Arg24Ter),Carcinoma of colon (CRC) (RCV001353710.1)
APC,rs145945630,C,T,"coding_sequence_variant,5_prime_UTR_variant,intron_variant,synonymous_variant,missense_variant,stop_gained","T=0.000004 (1/264690, TOPMED).T=0.000024 (6/251240, GnomAD_exome).T=0.000006 (1/168494, ALFA)",4,https://www.ncbi.nlm.nih.gov/snp/rs145945630,Pathogenic,5q22.2,NM_000038.6(APC):c.70C>T (p.Arg24Ter),Familial adenomatous polyposis 1 (FAP1) (RCV002228708.1)
APC,rs199740875,G,T,"coding_sequence_variant,stop_gained,missense_variant","A=0.000011 (3/264690, TOPMED).A=0.000024 (6/250796, GnomAD_exome).A=0.000014 (2/140276, GnomAD)",4,https://www.ncbi.nlm.nih.gov/snp/rs199740875,Pathogenic,5q22.2,NM_000038.6(APC):c.2677G>T (p.Glu893Ter),none provided (RCV000485943.4)
APC,rs199740875,G,T,"coding_sequence_variant,stop_gained,missense_variant","A=0.000011 (3/264690, TOPMED).A=0.000024 (6/250796, GnomAD_exome).A=0.000014 (2/140276, GnomAD)",4,https://www.ncbi.nlm.nih.gov/snp/rs199740875,Pathogenic,5q22.2,NM_000038.6(APC):c.2677G>T (p.Glu893Ter),Carcinoma of colon (CRC) (RCV000503003.3)
APC,rs199740875,G,T,"coding_sequence_variant,stop_gained,missense_variant","A=0.000011 (3/264690, TOPMED).A=0.000024 (6/250796, GnomAD_exome).A=0.000014 (2/140276, GnomAD)",4,https://www.ncbi.nlm.nih.gov/snp/rs199740875,Pathogenic,5q22.2,NM_000038.6(APC):c.2677G>T (p.Glu893Ter),Familial adenomatous polyposis 1 (FAP1) (RCV000786963.3)
APC,rs199740875,G,T,"coding_sequence_variant,stop_gained,missense_variant","A=0.000011 (3/264690, TOPMED).A=0.000024 (6/250796, GnomAD_exome).A=0.000014 (2/140276, GnomAD)",4,https://www.ncbi.nlm.nih.gov/snp/rs199740875,Pathogenic,5q22.2,NM_000038.6(APC):c.2677G>T (p.Glu893Ter),Hereditary cancer-predisposing syndrome (RCV001186210.2)
APC,rs199740875,G,T,"coding_sequence_variant,stop_gained,missense_variant","A=0.000011 (3/264690, TOPMED).A=0.000024 (6/250796, GnomAD_exome).A=0.000014 (2/140276, GnomAD)",4,https://www.ncbi.nlm.nih.gov/snp/rs199740875,Pathogenic,5q22.2,NM_000038.6(APC):c.2677G>T (p.Glu893Ter),Familial adenomatous polyposis 1 (FAP1) (RCV002230919.1)
APC,rs376213437,T,A,"coding_sequence_variant,stop_gained,5_prime_UTR_variant,synonymous_variant","C=0.000034 (9/264690, TOPMED).C=0.000021 (3/140266, GnomAD).C=0.000025 (3/121360, ExAC)",3,https://www.ncbi.nlm.nih.gov/snp/rs376213437,Pathogenic,5q22.2,NM_000038.6(APC):c.288T>A (p.Tyr96Ter),none provided (RCV000159585.7)
APC,rs376213437,T,A,"coding_sequence_variant,stop_gained,5_prime_UTR_variant,synonymous_variant","C=0.000034 (9/264690, TOPMED).C=0.000021 (3/140266, GnomAD).C=0.000025 (3/121360, ExAC)",3,https://www.ncbi.nlm.nih.gov/snp/rs376213437,Pathogenic,5q22.2,NM_000038.6(APC):c.288T>A (p.Tyr96Ter),Hereditary cancer-predisposing syndrome (RCV001016886.2)
APC,rs376213437,T,A,"coding_sequence_variant,stop_gained,5_prime_UTR_variant,synonymous_variant","C=0.000034 (9/264690, TOPMED).C=0.000021 (3/140266, GnomAD).C=0.000025 (3/121360, ExAC)",3,https://www.ncbi.nlm.nih.gov/snp/rs376213437,Pathogenic,5q22.2,NM_000038.6(APC):c.288T>A (p.Tyr96Ter),Familial adenomatous polyposis 1 (FAP1) (RCV002229423.2)
APC,rs376213437,T,G,"coding_sequence_variant,stop_gained,5_prime_UTR_variant,synonymous_variant","C=0.000034 (9/264690, TOPMED).C=0.000021 (3/140266, GnomAD).C=0.000025 (3/121360, ExAC)",3,https://www.ncbi.nlm.nih.gov/snp/rs376213437,Pathogenic,5q22.2,NM_000038.6(APC):c.288T>G (p.Tyr96Ter),none provided (RCV000202141.3)
APC,rs376213437,T,G,"coding_sequence_variant,stop_gained,5_prime_UTR_variant,synonymous_variant","C=0.000034 (9/264690, TOPMED).C=0.000021 (3/140266, GnomAD).C=0.000025 (3/121360, ExAC)",3,https://www.ncbi.nlm.nih.gov/snp/rs376213437,Pathogenic,5q22.2,NM_000038.6(APC):c.288T>G (p.Tyr96Ter),Hereditary cancer-predisposing syndrome (RCV000491545.3)
APC,rs376213437,T,G,"coding_sequence_variant,stop_gained,5_prime_UTR_variant,synonymous_variant","C=0.000034 (9/264690, TOPMED).C=0.000021 (3/140266, GnomAD).C=0.000025 (3/121360, ExAC)",3,https://www.ncbi.nlm.nih.gov/snp/rs376213437,Pathogenic,5q22.2,NM_000038.6(APC):c.288T>G (p.Tyr96Ter),Familial adenomatous polyposis 1 (FAP1) (RCV002229134.2)
APC,rs397515734,C,T,"missense_variant,5_prime_UTR_variant,stop_gained,coding_sequence_variant,intron_variant",,20,https://www.ncbi.nlm.nih.gov/snp/rs397515734,Pathogenic,5q22.2,NM_000038.6(APC):c.694C>T (p.Arg232Ter),Familial adenomatous polyposis 1 (FAP1) (RCV000035081.9)
APC,rs397515734,C,T,"missense_variant,5_prime_UTR_variant,stop_gained,coding_sequence_variant,intron_variant",,20,https://www.ncbi.nlm.nih.gov/snp/rs397515734,Pathogenic,5q22.2,NM_000038.6(APC):c.694C>T (p.Arg232Ter),none provided (RCV000486263.9)
APC,rs397515734,C,T,"missense_variant,5_prime_UTR_variant,stop_gained,coding_sequence_variant,intron_variant",,20,https://www.ncbi.nlm.nih.gov/snp/rs397515734,Pathogenic,5q22.2,NM_000038.6(APC):c.694C>T (p.Arg232Ter),Hereditary cancer-predisposing syndrome (RCV000491782.3)
APC,rs397515734,C,T,"missense_variant,5_prime_UTR_variant,stop_gained,coding_sequence_variant,intron_variant",,20,https://www.ncbi.nlm.nih.gov/snp/rs397515734,Pathogenic,5q22.2,NM_000038.6(APC):c.694C>T (p.Arg232Ter),"Desmoid disease, hereditary (DESMD) (RCV000763537.1)"
APC,rs397515734,C,T,"missense_variant,5_prime_UTR_variant,stop_gained,coding_sequence_variant,intron_variant",,20,https://www.ncbi.nlm.nih.gov/snp/rs397515734,Pathogenic,5q22.2,NM_000038.6(APC):c.694C>T (p.Arg232Ter),Familial multiple polyposis syndrome (FAP) (RCV000844606.5)
APC,rs397515734,C,T,"missense_variant,5_prime_UTR_variant,stop_gained,coding_sequence_variant,intron_variant",,20,https://www.ncbi.nlm.nih.gov/snp/rs397515734,Pathogenic,5q22.2,NM_000038.6(APC):c.694C>T (p.Arg232Ter),Familial adenomatous polyposis 1 (FAP1) (RCV002228149.1)
APC,rs398123116,G,A,"coding_sequence_variant,missense_variant,stop_gained",,1,https://www.ncbi.nlm.nih.gov/snp/rs398123116,Pathogenic,5q22.2,NM_000038.6(APC):c.1659G>A (p.Trp553Ter),none provided (RCV000174655.4)
APC,rs398123116,G,A,"coding_sequence_variant,missense_variant,stop_gained",,1,https://www.ncbi.nlm.nih.gov/snp/rs398123116,Pathogenic,5q22.2,NM_000038.6(APC):c.1659G>A (p.Trp553Ter),Hereditary cancer-predisposing syndrome (RCV001012589.2)
APC,rs398123116,G,A,"coding_sequence_variant,missense_variant,stop_gained",,1,https://www.ncbi.nlm.nih.gov/snp/rs398123116,Pathogenic,5q22.2,NM_000038.6(APC):c.1659G>A (p.Trp553Ter),Familial adenomatous polyposis 1 (FAP1) (RCV002228191.4)
APC,rs398123117,C,T,"coding_sequence_variant,missense_variant,stop_gained","G=0.000004 (1/250790, GnomAD_exome).G=0.00005 (1/21380, ALFA)",1,https://www.ncbi.nlm.nih.gov/snp/rs398123117,Pathogenic,5q22.2,NM_000038.6(APC):c.2365C>T (p.Gln789Ter),Hereditary cancer-predisposing syndrome (RCV000490954.2)
APC,rs398123117,C,T,"coding_sequence_variant,missense_variant,stop_gained","G=0.000004 (1/250790, GnomAD_exome).G=0.00005 (1/21380, ALFA)",1,https://www.ncbi.nlm.nih.gov/snp/rs398123117,Pathogenic,5q22.2,NM_000038.6(APC):c.2365C>T (p.Gln789Ter),none provided (RCV000657603.5)
APC,rs398123117,C,T,"coding_sequence_variant,missense_variant,stop_gained","G=0.000004 (1/250790, GnomAD_exome).G=0.00005 (1/21380, ALFA)",1,https://www.ncbi.nlm.nih.gov/snp/rs398123117,Pathogenic,5q22.2,NM_000038.6(APC):c.2365C>T (p.Gln789Ter),Familial adenomatous polyposis 1 (FAP1) (RCV002228192.2)
APC,rs398123119,G,T,"coding_sequence_variant,missense_variant,stop_gained",,1,https://www.ncbi.nlm.nih.gov/snp/rs398123119,Pathogenic,5q22.2,NM_000038.6(APC):c.2731G>T (p.Glu911Ter),none provided (RCV000174980.3)
APC,rs398123121,C,T,"coding_sequence_variant,missense_variant,stop_gained",,5,https://www.ncbi.nlm.nih.gov/snp/rs398123121,Pathogenic,5q22.2,NM_000038.6(APC):c.3982C>T (p.Gln1328Ter),none provided (RCV000077990.9)
APC,rs398123121,C,T,"coding_sequence_variant,missense_variant,stop_gained",,5,https://www.ncbi.nlm.nih.gov/snp/rs398123121,Pathogenic,5q22.2,NM_000038.6(APC):c.3982C>T (p.Gln1328Ter),Carcinoma of colon (CRC) (RCV000501536.4)
APC,rs398123121,C,T,"coding_sequence_variant,missense_variant,stop_gained",,5,https://www.ncbi.nlm.nih.gov/snp/rs398123121,Pathogenic,5q22.2,NM_000038.6(APC):c.3982C>T (p.Gln1328Ter),Hereditary cancer-predisposing syndrome (RCV000570934.2)
APC,rs398123121,C,T,"coding_sequence_variant,missense_variant,stop_gained",,5,https://www.ncbi.nlm.nih.gov/snp/rs398123121,Pathogenic,5q22.2,NM_000038.6(APC):c.3982C>T (p.Gln1328Ter),Familial adenomatous polyposis 1 (FAP1) (RCV002228195.2)
APC,rs544549596,G,T,"missense_variant,stop_gained,coding_sequence_variant","A=0.000011 (3/264690, TOPMED).A=0.000331 (83/251012, GnomAD_exome).A=0.000000 (0/140178, GnomAD)",1,https://www.ncbi.nlm.nih.gov/snp/rs544549596,Pathogenic,5q22.2,NM_000038.6(APC):c.6907G>T (p.Gly2303Ter),Colorectal cancer (RCV001293810.1)
APC,rs587779780,C,T,"intron_variant,synonymous_variant,coding_sequence_variant,stop_gained,missense_variant","T=0.000007 (1/140202, GnomAD).T=0.00000 (0/10680, ALFA)",5,https://www.ncbi.nlm.nih.gov/snp/rs587779780,Pathogenic,5q22.2,NM_000038.6(APC):c.1213C>T (p.Arg405Ter),Hereditary cancer-predisposing syndrome (RCV000115066.7)
APC,rs587779780,C,T,"intron_variant,synonymous_variant,coding_sequence_variant,stop_gained,missense_variant","T=0.000007 (1/140202, GnomAD).T=0.00000 (0/10680, ALFA)",5,https://www.ncbi.nlm.nih.gov/snp/rs587779780,Pathogenic,5q22.2,NM_000038.6(APC):c.1213C>T (p.Arg405Ter),none provided (RCV000202096.15)
APC,rs587779780,C,T,"intron_variant,synonymous_variant,coding_sequence_variant,stop_gained,missense_variant","T=0.000007 (1/140202, GnomAD).T=0.00000 (0/10680, ALFA)",5,https://www.ncbi.nlm.nih.gov/snp/rs587779780,Pathogenic,5q22.2,NM_000038.6(APC):c.1213C>T (p.Arg405Ter),Familial adenomatous polyposis 1 (FAP1) (RCV000234357.9)
APC,rs587779780,C,T,"intron_variant,synonymous_variant,coding_sequence_variant,stop_gained,missense_variant","T=0.000007 (1/140202, GnomAD).T=0.00000 (0/10680, ALFA)",5,https://www.ncbi.nlm.nih.gov/snp/rs587779780,Pathogenic,5q22.2,NM_000038.6(APC):c.1213C>T (p.Arg405Ter),Familial adenomatous polyposis 1 (FAP1) (RCV002228220.1)
APC,rs587779783,C,T,"synonymous_variant,coding_sequence_variant,stop_gained,missense_variant",,1,https://www.ncbi.nlm.nih.gov/snp/rs587779783,Pathogenic,5q22.2,NM_000038.6(APC):c.2413C>T (p.Arg805Ter),Hereditary cancer-predisposing syndrome (RCV000115073.4)
APC,rs587779783,C,T,"synonymous_variant,coding_sequence_variant,stop_gained,missense_variant",,1,https://www.ncbi.nlm.nih.gov/snp/rs587779783,Pathogenic,5q22.2,NM_000038.6(APC):c.2413C>T (p.Arg805Ter),Familial multiple polyposis syndrome (FAP) (RCV000501097.4)
APC,rs587779783,C,T,"synonymous_variant,coding_sequence_variant,stop_gained,missense_variant",,1,https://www.ncbi.nlm.nih.gov/snp/rs587779783,Pathogenic,5q22.2,NM_000038.6(APC):c.2413C>T (p.Arg805Ter),none provided (RCV001270020.6)
APC,rs587779783,C,T,"synonymous_variant,coding_sequence_variant,stop_gained,missense_variant",,1,https://www.ncbi.nlm.nih.gov/snp/rs587779783,Pathogenic,5q22.2,NM_000038.6(APC):c.2413C>T (p.Arg805Ter),"Desmoid disease, hereditary (DESMD) (RCV001292808.2)"
APC,rs587779783,C,T,"synonymous_variant,coding_sequence_variant,stop_gained,missense_variant",,1,https://www.ncbi.nlm.nih.gov/snp/rs587779783,Pathogenic,5q22.2,NM_000038.6(APC):c.2413C>T (p.Arg805Ter),Familial adenomatous polyposis 1 (FAP1) (RCV002228333.4)
APC,rs587779796,G,T,"coding_sequence_variant,stop_gained,missense_variant","A=0.000068 (18/264690, TOPMED).A=0.000024 (6/250204, GnomAD_exome).A=0.000007 (1/140264, GnomAD)",1,https://www.ncbi.nlm.nih.gov/snp/rs587779796,Pathogenic,5q22.2,NM_000038.6(APC):c.5017G>T (p.Glu1673Ter),none provided (RCV000503407.3)
APC,rs587781392,C,T,"5_prime_UTR_variant,synonymous_variant,coding_sequence_variant,stop_gained,missense_variant","G=0.00004 (1/28258, 14KJPN)",9,https://www.ncbi.nlm.nih.gov/snp/rs587781392,Pathogenic,5q22.2,NM_000038.6(APC):c.637C>T (p.Arg213Ter),Hereditary cancer-predisposing syndrome (RCV000129233.8)
APC,rs587781392,C,T,"5_prime_UTR_variant,synonymous_variant,coding_sequence_variant,stop_gained,missense_variant","G=0.00004 (1/28258, 14KJPN)",9,https://www.ncbi.nlm.nih.gov/snp/rs587781392,Pathogenic,5q22.2,NM_000038.6(APC):c.637C>T (p.Arg213Ter),none provided (RCV000202175.5)
APC,rs587781392,C,T,"5_prime_UTR_variant,synonymous_variant,coding_sequence_variant,stop_gained,missense_variant","G=0.00004 (1/28258, 14KJPN)",9,https://www.ncbi.nlm.nih.gov/snp/rs587781392,Pathogenic,5q22.2,NM_000038.6(APC):c.637C>T (p.Arg213Ter),"Desmoid disease, hereditary (DESMD) (RCV000763535.2)"
APC,rs587781392,C,T,"5_prime_UTR_variant,synonymous_variant,coding_sequence_variant,stop_gained,missense_variant","G=0.00004 (1/28258, 14KJPN)",9,https://www.ncbi.nlm.nih.gov/snp/rs587781392,Pathogenic,5q22.2,NM_000038.6(APC):c.637C>T (p.Arg213Ter),Familial multiple polyposis syndrome (FAP) (RCV000825611.6)
APC,rs587781392,C,T,"5_prime_UTR_variant,synonymous_variant,coding_sequence_variant,stop_gained,missense_variant","G=0.00004 (1/28258, 14KJPN)",9,https://www.ncbi.nlm.nih.gov/snp/rs587781392,Pathogenic,5q22.2,NM_000038.6(APC):c.637C>T (p.Arg213Ter),Carcinoma of colon (CRC) (RCV001353439.2)
APC,rs587781392,C,T,"5_prime_UTR_variant,synonymous_variant,coding_sequence_variant,stop_gained,missense_variant","G=0.00004 (1/28258, 14KJPN)",9,https://www.ncbi.nlm.nih.gov/snp/rs587781392,Pathogenic,5q22.2,NM_000038.6(APC):c.637C>T (p.Arg213Ter),Familial adenomatous polyposis 1 (FAP1) (RCV002228470.4)
APC,rs587783029,C,T,"coding_sequence_variant,stop_gained,missense_variant",,3,https://www.ncbi.nlm.nih.gov/snp/rs587783029,Pathogenic,5q22.2,NM_000038.6(APC):c.3286C>T (p.Gln1096Ter),Familial adenomatous polyposis 1 (FAP1) (RCV000144563.5)
APC,rs587783029,C,T,"coding_sequence_variant,stop_gained,missense_variant",,3,https://www.ncbi.nlm.nih.gov/snp/rs587783029,Pathogenic,5q22.2,NM_000038.6(APC):c.3286C>T (p.Gln1096Ter),none provided (RCV000202095.2)
APC,rs587783029,C,T,"coding_sequence_variant,stop_gained,missense_variant",,3,https://www.ncbi.nlm.nih.gov/snp/rs587783029,Pathogenic,5q22.2,NM_000038.6(APC):c.3286C>T (p.Gln1096Ter),Hereditary cancer-predisposing syndrome (RCV000563288.3)
APC,rs587783029,C,T,"coding_sequence_variant,stop_gained,missense_variant",,3,https://www.ncbi.nlm.nih.gov/snp/rs587783029,Pathogenic,5q22.2,NM_000038.6(APC):c.3286C>T (p.Gln1096Ter),Familial adenomatous polyposis 1 (FAP1) (RCV002228674.3)
APC,rs775126020,C,T,"missense_variant,synonymous_variant,coding_sequence_variant,intron_variant,stop_gained","G=0.0003 (1/3854, ALSPAC).G=0.0000 (0/3708, TWINSUK)",10,https://www.ncbi.nlm.nih.gov/snp/rs775126020,Pathogenic,5q22.2,NM_000038.6(APC):c.994C>T (p.Arg332Ter),Hereditary cancer-predisposing syndrome (RCV000164280.7)
APC,rs775126020,C,T,"missense_variant,synonymous_variant,coding_sequence_variant,intron_variant,stop_gained","G=0.0003 (1/3854, ALSPAC).G=0.0000 (0/3708, TWINSUK)",10,https://www.ncbi.nlm.nih.gov/snp/rs775126020,Pathogenic,5q22.2,NM_000038.6(APC):c.994C>T (p.Arg332Ter),none provided (RCV000202243.15)
APC,rs775126020,C,T,"missense_variant,synonymous_variant,coding_sequence_variant,intron_variant,stop_gained","G=0.0003 (1/3854, ALSPAC).G=0.0000 (0/3708, TWINSUK)",10,https://www.ncbi.nlm.nih.gov/snp/rs775126020,Pathogenic,5q22.2,NM_000038.6(APC):c.994C>T (p.Arg332Ter),Familial adenomatous polyposis 1 (FAP1) (RCV000460182.8)
APC,rs775126020,C,T,"missense_variant,synonymous_variant,coding_sequence_variant,intron_variant,stop_gained","G=0.0003 (1/3854, ALSPAC).G=0.0000 (0/3708, TWINSUK)",10,https://www.ncbi.nlm.nih.gov/snp/rs775126020,Pathogenic,5q22.2,NM_000038.6(APC):c.994C>T (p.Arg332Ter),Familial multiple polyposis syndrome (FAP) (RCV000503333.5)
APC,rs775126020,C,T,"missense_variant,synonymous_variant,coding_sequence_variant,intron_variant,stop_gained","G=0.0003 (1/3854, ALSPAC).G=0.0000 (0/3708, TWINSUK)",10,https://www.ncbi.nlm.nih.gov/snp/rs775126020,Pathogenic,5q22.2,NM_000038.6(APC):c.994C>T (p.Arg332Ter),Familial adenomatous polyposis 1 (FAP1) (RCV002228714.1)
APC,rs786201856,C,T,"5_prime_UTR_variant,stop_gained,coding_sequence_variant,synonymous_variant,missense_variant",,6,https://www.ncbi.nlm.nih.gov/snp/rs786201856,Pathogenic,5q22.2,NM_000038.6(APC):c.847C>T (p.Arg283Ter),Hereditary cancer-predisposing syndrome (RCV000164351.4)
APC,rs786201856,C,T,"5_prime_UTR_variant,stop_gained,coding_sequence_variant,synonymous_variant,missense_variant",,6,https://www.ncbi.nlm.nih.gov/snp/rs786201856,Pathogenic,5q22.2,NM_000038.6(APC):c.847C>T (p.Arg283Ter),none provided (RCV000202113.5)
APC,rs786201856,C,T,"5_prime_UTR_variant,stop_gained,coding_sequence_variant,synonymous_variant,missense_variant",,6,https://www.ncbi.nlm.nih.gov/snp/rs786201856,Pathogenic,5q22.2,NM_000038.6(APC):c.847C>T (p.Arg283Ter),Familial multiple polyposis syndrome (FAP) (RCV000501350.6)
APC,rs786201856,C,T,"5_prime_UTR_variant,stop_gained,coding_sequence_variant,synonymous_variant,missense_variant",,6,https://www.ncbi.nlm.nih.gov/snp/rs786201856,Pathogenic,5q22.2,NM_000038.6(APC):c.847C>T (p.Arg283Ter),"Desmoid disease, hereditary (DESMD) (RCV000763538.2)"
APC,rs786201856,C,T,"5_prime_UTR_variant,stop_gained,coding_sequence_variant,synonymous_variant,missense_variant",,6,https://www.ncbi.nlm.nih.gov/snp/rs786201856,Pathogenic,5q22.2,NM_000038.6(APC):c.847C>T (p.Arg283Ter),Carcinoma of colon (CRC) (RCV001353622.2)
APC,rs786201856,C,T,"5_prime_UTR_variant,stop_gained,coding_sequence_variant,synonymous_variant,missense_variant",,6,https://www.ncbi.nlm.nih.gov/snp/rs786201856,Pathogenic,5q22.2,NM_000038.6(APC):c.847C>T (p.Arg283Ter),Colorectal cancer (RCV001789763.2)
APC,rs786201856,C,T,"5_prime_UTR_variant,stop_gained,coding_sequence_variant,synonymous_variant,missense_variant",,6,https://www.ncbi.nlm.nih.gov/snp/rs786201856,Pathogenic,5q22.2,NM_000038.6(APC):c.847C>T (p.Arg283Ter),Familial adenomatous polyposis 1 (FAP1) (RCV002228717.2)
APC,rs863224458,G,T,"synonymous_variant,missense_variant,5_prime_UTR_variant,coding_sequence_variant",,4,https://www.ncbi.nlm.nih.gov/snp/rs863224458,Pathogenic,5q22.2,NM_000038.6(APC):c.423G>T (p.Arg141Ser),Familial adenomatous polyposis 1 (FAP1) (RCV000199388.1)
APC,rs863224458,G,T,"synonymous_variant,missense_variant,5_prime_UTR_variant,coding_sequence_variant",,4,https://www.ncbi.nlm.nih.gov/snp/rs863224458,Pathogenic,5q22.2,NM_000038.6(APC):c.423G>T (p.Arg141Ser),Carcinoma of colon (CRC) (RCV000501209.2)
APC,rs863224458,G,T,"synonymous_variant,missense_variant,5_prime_UTR_variant,coding_sequence_variant",,4,https://www.ncbi.nlm.nih.gov/snp/rs863224458,Pathogenic,5q22.2,NM_000038.6(APC):c.423G>T (p.Arg141Ser),none provided (RCV001270008.3)
APC,rs863224458,G,T,"synonymous_variant,missense_variant,5_prime_UTR_variant,coding_sequence_variant",,4,https://www.ncbi.nlm.nih.gov/snp/rs863224458,Pathogenic,5q22.2,NM_000038.6(APC):c.423G>T (p.Arg141Ser),Familial adenomatous polyposis 1 (FAP1) (RCV001853212.3)
APC,rs863225362,C,T,"stop_gained,missense_variant,5_prime_UTR_variant,coding_sequence_variant",,1,https://www.ncbi.nlm.nih.gov/snp/rs863225362,Pathogenic,5q22.2,NM_000038.6(APC):c.487C>T (p.Gln163Ter),none provided (RCV000202083.5)
APC,rs863225362,C,T,"stop_gained,missense_variant,5_prime_UTR_variant,coding_sequence_variant",,1,https://www.ncbi.nlm.nih.gov/snp/rs863225362,Pathogenic,5q22.2,NM_000038.6(APC):c.487C>T (p.Gln163Ter),Familial multiple polyposis syndrome (FAP) (RCV000500940.7)
APC,rs863225362,C,T,"stop_gained,missense_variant,5_prime_UTR_variant,coding_sequence_variant",,1,https://www.ncbi.nlm.nih.gov/snp/rs863225362,Pathogenic,5q22.2,NM_000038.6(APC):c.487C>T (p.Gln163Ter),Hereditary cancer-predisposing syndrome (RCV001023190.2)
APC,rs863225362,C,T,"stop_gained,missense_variant,5_prime_UTR_variant,coding_sequence_variant",,1,https://www.ncbi.nlm.nih.gov/snp/rs863225362,Pathogenic,5q22.2,NM_000038.6(APC):c.487C>T (p.Gln163Ter),Familial adenomatous polyposis 1 (FAP1) (RCV002228932.2)
APC,rs869312753,C,T,"stop_gained,missense_variant,5_prime_UTR_variant,coding_sequence_variant",,2,https://www.ncbi.nlm.nih.gov/snp/rs869312753,Pathogenic,5q22.2,NM_000038.6(APC):c.562C>T (p.Gln188Ter),"Colorectal cancer, susceptibility to (RCV000210089.2)"
APC,rs876658355,C,A,"stop_gained,coding_sequence_variant,synonymous_variant","T=0.000011 (3/264690, TOPMED).T=0.00003 (1/35432, ALFA)",6,https://www.ncbi.nlm.nih.gov/snp/rs876658355,Pathogenic,5q22.2,NM_000038.6(APC):c.1866C>A (p.Tyr622Ter),Hereditary cancer-predisposing syndrome (RCV000217597.3)
APC,rs876658355,C,A,"stop_gained,coding_sequence_variant,synonymous_variant","T=0.000011 (3/264690, TOPMED).T=0.00003 (1/35432, ALFA)",6,https://www.ncbi.nlm.nih.gov/snp/rs876658355,Pathogenic,5q22.2,NM_000038.6(APC):c.1866C>A (p.Tyr622Ter),Carcinoma of colon (CRC) (RCV000504287.3)
APC,rs876658355,C,A,"stop_gained,coding_sequence_variant,synonymous_variant","T=0.000011 (3/264690, TOPMED).T=0.00003 (1/35432, ALFA)",6,https://www.ncbi.nlm.nih.gov/snp/rs876658355,Pathogenic,5q22.2,NM_000038.6(APC):c.1866C>A (p.Tyr622Ter),none provided (RCV000584117.6)
APC,rs876658355,C,A,"stop_gained,coding_sequence_variant,synonymous_variant","T=0.000011 (3/264690, TOPMED).T=0.00003 (1/35432, ALFA)",6,https://www.ncbi.nlm.nih.gov/snp/rs876658355,Pathogenic,5q22.2,NM_000038.6(APC):c.1866C>A (p.Tyr622Ter),Familial adenomatous polyposis 1 (FAP1) (RCV002229334.4)
APC,rs876658355,C,G,"stop_gained,coding_sequence_variant,synonymous_variant","T=0.000011 (3/264690, TOPMED).T=0.00003 (1/35432, ALFA)",6,https://www.ncbi.nlm.nih.gov/snp/rs876658355,Pathogenic,5q22.2,NM_000038.6(APC):c.1866C>G (p.Tyr622Ter),none provided (RCV000478037.2)
APC,rs876658941,G,T,"stop_gained,missense_variant,5_prime_UTR_variant,coding_sequence_variant",,3,https://www.ncbi.nlm.nih.gov/snp/rs876658941,Pathogenic,5q22.2,NM_000038.6(APC):c.220G>T (p.Glu74Ter),Hereditary cancer-predisposing syndrome (RCV000215333.3)
APC,rs876658941,G,T,"stop_gained,missense_variant,5_prime_UTR_variant,coding_sequence_variant",,3,https://www.ncbi.nlm.nih.gov/snp/rs876658941,Likely-Pathogenic,5q22.2,NM_000038.6(APC):c.220G>T (p.Glu74Ter),none provided (RCV000254875.3)
APC,rs876658941,G,T,"stop_gained,missense_variant,5_prime_UTR_variant,coding_sequence_variant",,3,https://www.ncbi.nlm.nih.gov/snp/rs876658941,Pathogenic,5q22.2,NM_000038.6(APC):c.220G>T (p.Glu74Ter),Carcinoma of colon (CRC) (RCV000501460.4)
APC,rs876658941,G,T,"stop_gained,missense_variant,5_prime_UTR_variant,coding_sequence_variant",,3,https://www.ncbi.nlm.nih.gov/snp/rs876658941,Likely-Pathogenic,5q22.2,NM_000038.6(APC):c.220G>T (p.Glu74Ter),Familial adenomatous polyposis 1 (FAP1) (RCV002228955.4)
APC,rs879254090,G,A,"synonymous_variant,missense_variant,coding_sequence_variant",,7,https://www.ncbi.nlm.nih.gov/snp/rs879254090,Pathogenic,5q22.2,NM_000038.6(APC):c.1548G>A (p.Lys516=),Hereditary cancer-predisposing syndrome (RCV000491608.1)
APC,rs879254090,G,A,"synonymous_variant,missense_variant,coding_sequence_variant",,7,https://www.ncbi.nlm.nih.gov/snp/rs879254090,Likely-Pathogenic,5q22.2,NM_000038.6(APC):c.1548G>A (p.Lys516=),Familial adenomatous polyposis 1 (FAP1) (RCV001856930.1)
APC,rs879254090,G,C,"synonymous_variant,missense_variant,coding_sequence_variant",,7,https://www.ncbi.nlm.nih.gov/snp/rs879254090,Pathogenic,5q22.2,NM_000038.6(APC):c.1548G>C (p.Lys516Asn),none provided (RCV000236999.5)
APC,rs879254090,G,C,"synonymous_variant,missense_variant,coding_sequence_variant",,7,https://www.ncbi.nlm.nih.gov/snp/rs879254090,Pathogenic,5q22.2,NM_000038.6(APC):c.1548G>C (p.Lys516Asn),Hereditary cancer-predisposing syndrome (RCV000491475.2)
APC,rs879254090,G,C,"synonymous_variant,missense_variant,coding_sequence_variant",,7,https://www.ncbi.nlm.nih.gov/snp/rs879254090,Pathogenic,5q22.2,NM_000038.6(APC):c.1548G>C (p.Lys516Asn),Carcinoma of colon (CRC) (RCV000501897.4)
APC,rs879254090,G,C,"synonymous_variant,missense_variant,coding_sequence_variant",,7,https://www.ncbi.nlm.nih.gov/snp/rs879254090,Pathogenic,5q22.2,NM_000038.6(APC):c.1548G>C (p.Lys516Asn),Familial adenomatous polyposis 1 (FAP1) (RCV002229674.2)
APC,rs1019221239,T,A,"missense_variant,stop_gained,coding_sequence_variant","C=0.000008 (2/264690, TOPMED).C=0.000004 (1/251356, GnomAD_exome).C=0.00000 (0/10680, ALFA)",1,https://www.ncbi.nlm.nih.gov/snp/rs1019221239,Pathogenic,5q22.2,NM_000038.6(APC):c.1886T>A (p.Leu629Ter),Familial adenomatous polyposis 1 (FAP1) (RCV000708956.1)
APC,rs1019221239,T,G,"missense_variant,stop_gained,coding_sequence_variant","C=0.000008 (2/264690, TOPMED).C=0.000004 (1/251356, GnomAD_exome).C=0.00000 (0/10680, ALFA)",1,https://www.ncbi.nlm.nih.gov/snp/rs1019221239,Pathogenic,5q22.2,NM_000038.6(APC):c.1886T>G (p.Leu629Ter),Hereditary cancer-predisposing syndrome (RCV000493755.1)
APC,rs1019221239,T,G,"missense_variant,stop_gained,coding_sequence_variant","C=0.000008 (2/264690, TOPMED).C=0.000004 (1/251356, GnomAD_exome).C=0.00000 (0/10680, ALFA)",1,https://www.ncbi.nlm.nih.gov/snp/rs1019221239,Pathogenic,5q22.2,NM_000038.6(APC):c.1886T>G (p.Leu629Ter),Carcinoma of colon (CRC) (RCV000502700.3)
APC,rs1057517568,T,A,"coding_sequence_variant,missense_variant,stop_gained",,1,https://www.ncbi.nlm.nih.gov/snp/rs1057517568,Likely-Pathogenic,5q22.2,NM_000038.6(APC):c.6371T>A (p.Leu2124Ter),Familial adenomatous polyposis 1 (FAP1) (RCV000409307.3)
APC,rs1057517568,T,A,"coding_sequence_variant,missense_variant,stop_gained",,1,https://www.ncbi.nlm.nih.gov/snp/rs1057517568,Pathogenic,5q22.2,NM_000038.6(APC):c.6371T>A (p.Leu2124Ter),Familial adenomatous polyposis 1 (FAP1) (RCV002230224.3)
APC,rs1060503288,C,T,"coding_sequence_variant,missense_variant,stop_gained","G=0.000008 (2/264690, TOPMED).G=0.000007 (1/140194, GnomAD).G=0.00000 (0/14050, ALFA)",1,https://www.ncbi.nlm.nih.gov/snp/rs1060503288,Pathogenic,5q22.2,NM_000038.6(APC):c.4405C>T (p.Gln1469Ter),Familial multiple polyposis syndrome (FAP) (RCV000503990.2)
APC,rs1060503288,C,T,"coding_sequence_variant,missense_variant,stop_gained","G=0.000008 (2/264690, TOPMED).G=0.000007 (1/140194, GnomAD).G=0.00000 (0/14050, ALFA)",1,https://www.ncbi.nlm.nih.gov/snp/rs1060503288,Pathogenic,5q22.2,NM_000038.6(APC):c.4405C>T (p.Gln1469Ter),Familial adenomatous polyposis 1 (FAP1) (RCV002230981.4)
APC,rs1060503333,C,A,"coding_sequence_variant,missense_variant,stop_gained",,4,https://www.ncbi.nlm.nih.gov/snp/rs1060503333,Pathogenic,5q22.2,NM_000038.6(APC):c.1370C>A (p.Ser457Ter),Carcinoma of colon (CRC) (RCV000501164.3)
APC,rs1060503333,C,A,"coding_sequence_variant,missense_variant,stop_gained",,4,https://www.ncbi.nlm.nih.gov/snp/rs1060503333,Pathogenic,5q22.2,NM_000038.6(APC):c.1370C>A (p.Ser457Ter),Hereditary cancer-predisposing syndrome (RCV001186209.3)
APC,rs1060503333,C,A,"coding_sequence_variant,missense_variant,stop_gained",,4,https://www.ncbi.nlm.nih.gov/snp/rs1060503333,Pathogenic,5q22.2,NM_000038.6(APC):c.1370C>A (p.Ser457Ter),Colonic neoplasm (RCV001643225.2)
APC,rs1060503333,C,A,"coding_sequence_variant,missense_variant,stop_gained",,4,https://www.ncbi.nlm.nih.gov/snp/rs1060503333,Pathogenic,5q22.2,NM_000038.6(APC):c.1370C>A (p.Ser457Ter),Familial adenomatous polyposis 1 (FAP1) (RCV002230977.2)
APC,rs1060503333,C,G,"coding_sequence_variant,missense_variant,stop_gained",,4,https://www.ncbi.nlm.nih.gov/snp/rs1060503333,Pathogenic,5q22.2,NM_000038.6(APC):c.1370C>G (p.Ser457Ter),none provided (RCV000481642.4)
APC,rs1060503333,C,G,"coding_sequence_variant,missense_variant,stop_gained",,4,https://www.ncbi.nlm.nih.gov/snp/rs1060503333,Pathogenic,5q22.2,NM_000038.6(APC):c.1370C>G (p.Ser457Ter),Hereditary cancer-predisposing syndrome (RCV000491762.3)
APC,rs1060503333,C,G,"coding_sequence_variant,missense_variant,stop_gained",,4,https://www.ncbi.nlm.nih.gov/snp/rs1060503333,Pathogenic,5q22.2,NM_000038.6(APC):c.1370C>G (p.Ser457Ter),AllHighlyPenetrant (RCV000508095.5)
APC,rs1060503333,C,G,"coding_sequence_variant,missense_variant,stop_gained",,4,https://www.ncbi.nlm.nih.gov/snp/rs1060503333,Pathogenic,5q22.2,NM_000038.6(APC):c.1370C>G (p.Ser457Ter),Familial adenomatous polyposis 1 (FAP1) (RCV002230566.4)
APC,rs1064793716,C,T,"coding_sequence_variant,missense_variant,synonymous_variant","G=0.000004 (1/264690, TOPMED).G=0.00000 (0/10680, ALFA)",4,https://www.ncbi.nlm.nih.gov/snp/rs1064793716,Likely-Pathogenic,5q22.2,NM_000038.6(APC):c.1956C>T (p.His652=),none provided (RCV000482661.3)
APC,rs1064793716,C,T,"coding_sequence_variant,missense_variant,synonymous_variant","G=0.000004 (1/264690, TOPMED).G=0.00000 (0/10680, ALFA)",4,https://www.ncbi.nlm.nih.gov/snp/rs1064793716,Pathogenic,5q22.2,NM_000038.6(APC):c.1956C>T (p.His652=),Carcinoma of colon (CRC) (RCV000502897.3)
APC,rs1064793716,C,T,"coding_sequence_variant,missense_variant,synonymous_variant","G=0.000004 (1/264690, TOPMED).G=0.00000 (0/10680, ALFA)",4,https://www.ncbi.nlm.nih.gov/snp/rs1064793716,Likely-Pathogenic,5q22.2,NM_000038.6(APC):c.1956C>T (p.His652=),Hereditary cancer-predisposing syndrome (RCV001013836.2)
APC,rs1064793716,C,T,"coding_sequence_variant,missense_variant,synonymous_variant","G=0.000004 (1/264690, TOPMED).G=0.00000 (0/10680, ALFA)",4,https://www.ncbi.nlm.nih.gov/snp/rs1064793716,Likely-Pathogenic,5q22.2,NM_000038.6(APC):c.1956C>T (p.His652=),Familial adenomatous polyposis 1 (FAP1) (RCV002230903.4)
APC,rs1114167580,A,C,"coding_sequence_variant,missense_variant,synonymous_variant",,1,https://www.ncbi.nlm.nih.gov/snp/rs1114167580,Pathogenic,5q22.2,NM_000038.6(APC):c.1957A>C (p.Arg653=),Hereditary cancer-predisposing syndrome (RCV000564051.1)
APC,rs1114167580,A,G,"coding_sequence_variant,missense_variant,synonymous_variant",,1,https://www.ncbi.nlm.nih.gov/snp/rs1114167580,Pathogenic,5q22.2,NM_000038.6(APC):c.1957A>G (p.Arg653Gly),Hereditary cancer-predisposing syndrome (RCV000491162.2)
APC,rs1114167580,A,G,"coding_sequence_variant,missense_variant,synonymous_variant",,1,https://www.ncbi.nlm.nih.gov/snp/rs1114167580,Pathogenic,5q22.2,NM_000038.6(APC):c.1957A>G (p.Arg653Gly),none provided (RCV001357824.2)
APC,rs1114167580,A,G,"coding_sequence_variant,missense_variant,synonymous_variant",,1,https://www.ncbi.nlm.nih.gov/snp/rs1114167580,Likely-Pathogenic,5q22.2,NM_000038.6(APC):c.1957A>G (p.Arg653Gly),Familial adenomatous polyposis 1 (FAP1) (RCV002231143.2)
APC,rs1114167603,A,C,"coding_sequence_variant,missense_variant",,2,https://www.ncbi.nlm.nih.gov/snp/rs1114167603,Likely-Pathogenic,5q22.2,NM_000038.6(APC):c.3077A>C (p.Asn1026Thr),Hereditary cancer-predisposing syndrome (RCV000491915.1)
APC,rs1114167603,A,G,"coding_sequence_variant,missense_variant",,2,https://www.ncbi.nlm.nih.gov/snp/rs1114167603,Pathogenic,5q22.2,NM_000038.6(APC):c.3077A>G (p.Asn1026Ser),Familial adenomatous polyposis 1 (FAP1) (RCV001898246.3)
ARMC5,rs369721476,C,T,"stop_gained,missense_variant,coding_sequence_variant","T=0.000008 (2/264690, TOPMED).T=0.000004 (1/245052, GnomAD_exome).T=0.000007 (1/140254, GnomAD)",2,https://www.ncbi.nlm.nih.gov/snp/rs369721476#publications,Pathogenic,16p11.2,NM_001105247.2(ARMC5):c.799C>T (p.Arg267Ter),ACTH-independent macronodular adrenal hyperplasia 2 (RCV000133557.3)
ARMC5,rs587777659,C,T,"3_prime_UTR_variant,missense_variant,coding_sequence_variant",,2,https://www.ncbi.nlm.nih.gov/snp/rs587777659,Pathogenic,16p11.2,NM_001105247.2(ARMC5):c.2692C>T (p.Arg898Trp),ACTH-independent macronodular adrenal hyperplasia 2 (RCV000133558.3)
ARMC5,rs587777661,T,C,"missense_variant,coding_sequence_variant",,1,https://www.ncbi.nlm.nih.gov/snp/rs587777661,Pathogenic,16p11.2,NM_001105247.2(ARMC5):c.1643T>C (p.Leu548Pro),ACTH-independent macronodular adrenal hyperplasia 2 (RCV000133560.3)
ARMC5,rs587777662,C,T,"missense_variant,coding_sequence_variant","T=0.000008 (2/264690, TOPMED).T=0.000004 (1/227524, GnomAD_exome).T=0.000021 (3/140268, GnomAD)",2,https://www.ncbi.nlm.nih.gov/snp/rs587777662,Pathogenic,16p11.2,NM_001105247.2(ARMC5):c.1777C>T (p.Arg593Trp),ACTH-independent macronodular adrenal hyperplasia 2 (RCV000133562.3)
ARMC5,rs587777663,T,C,"missense_variant,coding_sequence_variant",,1,https://www.ncbi.nlm.nih.gov/snp/rs587777663,Pathogenic,16p11.2,NM_001105247.2(ARMC5):c.1094T>C (p.Leu365Pro),ACTH-independent macronodular adrenal hyperplasia 2 (RCV000133563.4)
